Country Name,Time,Adjusted net national income per capita (current US$) [NY.ADJ.NNTY.PC.CD],GDP per capita (current US$) [NY.GDP.PCAP.CD],Current health expenditure per capita (current US$) [SH.XPD.CHEX.PC.CD],Consumer price index (2010 = 100) [FP.CPI.TOTL],"Inflation, consumer prices (annual %) [FP.CPI.TOTL.ZG]",Gini index [SI.POV.GINI],YoY Change in Adjusted net national income per capita (current US$) [NY.ADJ.NNTY.PC.CD],YoY Change in GDP per capita (current US$) [NY.GDP.PCAP.CD],YoY Change in Consumer price index (2010 = 100) [FP.CPI.TOTL],"YoY Change in Inflation, consumer prices (annual %) [FP.CPI.TOTL.ZG]"
Albania,2012,3522.372857,4247.631343,262.2885437,105.5303817,2.031592684,29,,,,
Albania,2014,3844.277141,4578.633208,295.1235962,109.3241873,1.625865044,34.6,9.138847502,7.792622246,3.594988945,-19.9709146
Albania,2015,3277.788243,3952.803574,255.3563538,111.3971641,1.896174026,32.8,-14.73590162,-13.66848153,1.896174026,16.62554853
Albania,2016,3467.34757,4124.05539,277.0432129,112.8179589,1.275431684,33.7,5.783147435,4.33241402,1.275431684,-32.73657026
Albania,2017,3729.968219,4531.032207,297.4619751,115.0592696,1.986661332,33.1,7.574107967,9.868364472,1.986661332,55.76383723
Albania,2018,4340.919854,5365.489347,351.3012085,117.3927402,2.028059631,30.1,16.37953997,18.41649103,2.028059631,2.083812592
Albania,2019,4361.999293,5460.428237,367.7583923,119.0492584,1.41109079,30.1,0.4855984349,1.769435823,1.41109079,-30.42163218
Albania,2020,4322.549675,5370.778623,396.880249,120.9789119,1.620886617,29.4,-0.9043930305,-1.641805556,1.620886617,14.86763497
Armenia,2009,2583.616131,2820.592655,246,92.44163764,3.406766827,28,,,,
Armenia,2010,2758.458143,3041.344507,290,100,8.176361385,30,6.767337076,7.82643504,8.176361385,140.0035518
Armenia,2011,2999.033604,3349.553098,325,107.6500081,7.650008079,29.4,8.721374374,10.13395851,7.650008079,-6.437500514
Armenia,2012,3172.034408,3511.563997,333,110.4037169,2.558020078,29.6,5.768551701,4.836791489,2.558020078,-66.56186436
Armenia,2013,3409.886713,3680.166922,396,116.7957253,5.789667785,30.6,7.498415034,4.801362722,5.789667785,126.3339462
Armenia,2014,3524.890871,3852.118006,409,120.2777664,2.981308689,31.5,3.372667997,4.672371884,2.981308689,-48.5063945
Armenia,2015,3150.669544,3512.393503,371,124.7661613,3.731691193,32.4,-10.61653655,-8.819161376,3.731691193,25.16956751
Armenia,2016,3108.22045,3524.424769,366,123.014934,-1.403607559,32.5,-1.347303903,0.3425375309,-1.403607559,-137.6131755
Armenia,2017,3475.204348,3869.053739,419,124.2076293,0.9695532688,33.6,11.80688127,9.778304051,0.9695532688,-169.0758084
Armenia,2018,3687.291522,4196.005623,439,127.337952,2.52023382,34.4,6.10286916,8.450435337,2.52023382,159.9376332
Armenia,2019,4019.858444,4597.228874,549,129.1760073,1.443446608,30,9.019273906,9.562028439,1.443446608,-42.72568695
Armenia,2020,3617.03199,4268.680933,552,130.7408917,1.211435778,25.1,-10.02091142,-7.146651819,1.211435778,-16.07339184
Armenia,2021,3790.564809,4685.179971,613,140.1344107,7.184836294,27.9,4.797657831,9.757089948,7.184836294,493.0843733
Austria,2009,39649.39482,47857.44466,4929,98.21876885,0.5063088277,31.5,,,,
Austria,2010,39022.25616,46611.13934,4801,100,1.81353439,30.3,-1.581710569,-2.604203652,1.81353439,258.1873929
Austria,2011,42625.23735,51116.89535,5168,103.2865791,3.286579149,30.8,9.233144247,9.666693571,3.286579149,81.22507999
Austria,2012,39980.63084,48250.40591,4966,105.8539485,2.485675622,30.5,-6.204320913,-5.607714276,2.485675622,-24.36891037
Austria,2013,41694.07141,50305.35458,5235,107.9711927,2.000156169,30.8,4.285676673,4.258925131,2.000156169,-19.5326956
Austria,2014,42465.76661,51314.97226,5394,109.7050069,1.60581183,30.5,1.850851142,2.006978566,1.60581183,-19.71567748
Austria,2015,35811.68578,43915.22802,4613,110.6885818,0.8965633353,30.5,-15.66928225,-14.42024406,0.8965633353,-44.1675968
Austria,2016,37196.16775,45061.49939,4710,111.6754721,0.8915917527,30.8,3.866006144,2.610191095,0.8915917527,-0.5545154937
Austria,2017,38441.73272,47163.74258,4939,113.9997392,2.081269114,29.7,3.348637902,4.66527571,2.081269114,133.4329706
Austria,2018,41651.80739,51194.07498,5337,116.277887,1.998379814,30.8,8.350494228,8.545404131,1.998379814,-3.982632472
Austria,2019,40712.57534,49885.99474,5263,118.0579801,1.530895642,30.2,-2.254961088,-2.555139924,1.530895642,-23.39315927
Austria,2020,39515.55741,48716.40989,5567,119.6894358,1.381910634,29.8,-2.940167563,-2.344515433,1.381910634,-9.731885307
Austria,2021,43281.73348,53648.71907,6505,123.0008436,2.766666667,30.7,9.530869156,10.12453339,2.766666667,100.2059033
Belarus,2009,4480.508001,5352.488092,281,92.81970174,12.94565634,27.7,,,,
Belarus,2010,5017.310263,6034.678852,333,100,7.735748043,28.6,11.98083482,12.74530178,7.735748043,-40.24445081
Belarus,2011,5460.295895,6527.659343,310,153.2286983,53.22869831,27.2,8.82914567,8.169125536,53.22869831,588.0872802
Belarus,2012,5735.83109,6953.215917,355,243.970329,59.21973602,26.5,5.046158674,6.519282818,59.21973602,11.25527751
Belarus,2013,6490.271127,7998.080205,444,288.6468125,18.31226104,26.6,13.15310763,15.02706518,18.31226104,-69.07743555
Belarus,2014,6842.255225,8341.290143,438,340.9483285,18.11955435,27.2,5.423257225,4.291154003,18.11955435,-1.052336927
Belarus,2015,4824.419478,5967.06856,353,387.0939452,13.53448976,25.6,-29.49079916,-28.46348157,13.53448976,-25.3045108
Belarus,2016,4055.47952,5039.775609,291,432.9126326,11.83658077,25.3,-15.93849708,-15.54017591,11.83658077,-12.54505363
Belarus,2017,4690.779612,5785.533977,325,459.0252181,6.031837252,25.4,15.66522747,14.79745182,6.031837252,-49.04071225
Belarus,2018,5139.384723,6360.053101,342,481.3903139,4.872302206,25.2,9.563551211,9.930269633,4.872302206,-19.22357978
Belarus,2019,5563.113009,6837.768321,390,508.3392944,5.59815595,25.3,8.244727894,7.511182893,5.59815595,14.8975518
Belarus,2020,5200.944075,6542.86454,408,536.5426883,5.548143575,24.4,-6.510184734,-4.312865948,5.548143575,-0.8933723225
Belgium,2009,36866.04911,44923.34001,4638.438965,97.85760425,-0.05314567413,28.6,,,,
Belgium,2010,36326.63933,44197.39367,4531.033691,100,2.189299204,28.4,-1.463161356,-1.615966983,2.189299204,-4219.430679
Belgium,2011,38266.98374,47760.82988,4930.141113,103.5320821,3.532082107,28.1,5.341381565,8.062548287,3.532082107,61.33391454
Belgium,2012,36945.841,44874.17092,4704.472656,106.4720448,2.839663434,27.5,-3.452435007,-6.043988278,2.839663434,-19.60369696
Belgium,2013,38766.03804,46964.59468,4954.924316,107.6571808,1.11309594,27.7,4.926662908,4.658411992,1.11309594,-60.80183564
Belgium,2014,39529.63106,47995.7787,5080.125,108.0232183,0.3400028334,28.1,1.969747384,2.195662553,0.3400028334,-69.45431018
Belgium,2015,33799.73983,40893.80454,4442.401367,108.6296921,0.5614291528,27.7,-14.49518014,-14.79708081,0.5614291528,65.12484536
Belgium,2016,34528.49059,41854.54983,4542.794922,110.7738822,1.973852647,27.6,2.156083937,2.349366372,1.973852647,251.5764432
Belgium,2017,36341.19107,44035.32394,4782.646973,113.1289026,2.12597086,27.4,5.249868869,5.210363306,2.12597086,7.706665123
Belgium,2018,39046.70141,47487.21004,5176.983887,115.4516256,2.053164999,27.2,7.444748658,7.838902488,2.053164999,-3.42459357
Belgium,2019,38340.122,46716.62275,5049.577148,117.1104572,1.43681957,27.2,-1.80957516,-1.622725976,1.43681957,-30.01928384
Belgium,2020,36801.28174,45906.28758,5104.025391,117.9780019,0.7407918122,26,-4.013655088,-1.734575658,0.7407918122,-48.44225206
Belgium,2021,41743.01428,51655.78833,5680.231445,120.8569583,2.440248511,26.6,13.42815333,12.52442977,2.440248511,229.4108373
Bolivia,2009,1453.72776,1731.181721,89.26693726,97.55785751,3.346454201,49.2,,,,
Bolivia,2011,1845.87183,2315.521219,119.2386169,109.8844642,9.884464198,46.1,26.97506928,33.75379321,12.63517568,195.3712677
Bolivia,2012,1972.184963,2575.598571,134.630661,114.8464103,4.515602914,46.6,6.843006672,11.23191399,4.515602914,-54.31615894
Bolivia,2013,2202.047588,2870.02377,159.0892181,121.43446,5.736400237,47.6,11.65522655,11.43133104,5.736400237,27.03509025
Bolivia,2014,2386.034637,3041.435031,178.2088013,128.4371005,5.766600746,47.8,8.355271273,5.972468346,5.766600746,0.5264714341
Bolivia,2015,2532.414506,2996.012898,194.9240112,133.6511464,4.059610411,46.7,6.13485934,-1.493444137,4.059610411,-29.60132684
Bolivia,2016,2618.281113,3035.873478,205.9224396,138.4936139,3.623214318,45.2,3.390701113,1.330454213,3.623214318,-10.74970378
Bolivia,2017,2764.057011,3306.303012,212.8791351,142.4029535,2.822758055,44.6,5.567618265,8.907799876,2.822758055,-22.09243484
Bolivia,2018,2907.081576,3500.726422,229.2254028,145.6384339,2.272059872,42.6,5.174443405,5.880386929,2.272059872,-19.50922369
Bolivia,2019,2940.944319,3503.896011,239.1754456,148.3175185,1.83954505,41.6,1.164836353,0.09054088616,1.83954505,-19.03624231
Bolivia,2020,2652.860747,3099.94219,246.1977539,149.7128039,0.9407421534,43.6,-9.795614653,-11.52870459,0.9407421534,-48.86006442
Bolivia,2021,2656.573859,3384.844865,272.9592285,150.8167617,0.7373837215,40.9,0.1399663547,9.190580238,0.7373837215,-21.61680873
Brazil,2009,6936.075263,8678.659225,719.4265137,95.20298175,4.888034799,53.7,,,,
Brazil,2011,10260.08084,13396.62436,1028.084717,106.6364496,6.636449622,52.9,47.92343586,54.36283427,12.0095691,35.76927938
Brazil,2012,9351.31113,12521.72135,953.703125,112.3985493,5.40349914,53.4,-8.85733482,-6.530772083,5.40349914,-18.57846517
Brazil,2013,9456.544249,12458.89121,977.8168945,119.3721044,6.204310666,52.7,1.125330095,-0.5017691773,6.204310666,14.82023972
Brazil,2014,9242.577872,12274.99397,1013.56842,126.9272129,6.329040155,52,-2.262627567,-1.476032198,6.329040155,2.010368202
Brazil,2015,6666.747079,8936.196618,782.5229492,138.3886146,9.029901024,51.9,-27.86918139,-27.19999179,9.029901024,42.67409912
Brazil,2016,6565.206981,8836.286526,795.9379883,150.4825942,8.739143523,53.4,-1.523083105,-1.118038193,8.739143523,-3.219941172
Brazil,2017,7642.228743,10080.50928,937.3428955,155.6687862,3.44637335,53.3,16.40499325,14.08083307,3.44637335,-60.5639461
Brazil,2018,6984.288498,9300.661649,863.2817383,161.3738142,3.664850284,53.9,-8.609271807,-7.736192792,3.664850284,6.339328657
Brazil,2019,6818.492046,9029.833267,850.4328613,167.3978603,3.732976212,53.5,-2.373848851,-2.91192597,3.732976212,1.858900722
Brazil,2020,5367.949034,7074.193783,704.9953613,172.7742913,3.211768038,48.9,-21.27366289,-21.65753704,3.211768038,-13.96226883
Brazil,2021,5775.839583,7972.53665,761.2677612,187.1174251,8.301659756,52.9,7.59862931,12.69887277,8.301659756,158.4763176
Bulgaria,2009,5759.802811,6988.273163,459,97.61907981,2.753202239,33.8,,,,
Bulgaria,2010,5620.271104,6863.667068,485,100,2.438990605,35.7,-2.422508391,-1.783074192,2.438990605,-11.41258821
Bulgaria,2011,6408.16262,7857.16707,556,104.2199035,4.219903466,34.3,14.01874573,14.47476972,4.219903466,73.01843875
Bulgaria,2012,6243.723979,7430.73738,559,107.2991517,2.954568298,36,-2.566080969,-5.427270231,2.954568298,-29.9849316
Bulgaria,2013,6422.010445,7687.713682,547,108.2542145,0.8900935409,36.6,2.8554508,3.458288039,0.8900935409,-69.87399
Bulgaria,2014,6643.095885,7912.274844,605,106.7189708,-1.418183803,37.4,3.442620381,2.921039604,-1.418183803,-259.3297488
Bulgaria,2015,5819.877624,7078.860323,521,106.6073072,-0.104633261,38.6,-12.39208759,-10.53318467,-0.104633261,-92.62202397
Bulgaria,2016,6238.054937,7570.931655,562,105.7558881,-0.7986498865,40.6,7.185328271,6.951279015,-0.7986498865,663.2849046
Bulgaria,2017,6970.955514,8381.881346,625,107.9361475,2.061596194,40.4,11.74886379,10.71135929,2.061596194,-358.135164
Bulgaria,2018,7752.822898,9436.144799,690,110.9740586,2.814544738,41.3,11.21607191,12.57788567,2.814544738,36.52260059
Bulgaria,2019,8165.632881,9838.60059,698,114.4183932,3.103729448,40.3,5.324640955,4.265044673,3.103729448,10.27465315
Bulgaria,2020,8311.253957,10198.53883,857,116.3319732,1.672440969,40.5,1.783340963,3.658429247,1.672440969,-46.11511742
Bulgaria,2021,10114.52352,12274.0776,1040,120.1683043,3.297744353,39,21.69672078,20.35133462,3.297744353,97.18150984
Canada,2009,32986.0481,40874.88319,4368.856934,98.25414997,0.299466803,34,,,,
Canada,2010,38678.18059,47560.6666,5083.981934,100,1.776871541,33.6,17.25618196,16.3567034,1.776871541,493.3450797
Canada,2011,42617.97406,52223.85884,5423.059082,102.9121351,2.912135089,32.7,10.1860879,9.804724307,2.912135089,63.8911436
Canada,2012,43024.4508,52670.34473,5538.935547,104.4719519,1.515678231,33.5,0.9537683392,0.8549461943,1.515678231,-47.95302467
Canada,2013,43054.54265,52638.11872,5483.255859,105.4522038,0.9382918978,33.8,0.06994125655,-0.0611843537,0.9382918978,-38.0942552
Canada,2014,41608.03615,50960.84312,5231.736328,107.4627934,1.906635907,33.2,-3.359707036,-3.18642772,1.906635907,103.2028531
Canada,2015,35364.11911,43594.1941,4677.830078,108.6720092,1.125241361,33.7,-15.00651705,-14.45550851,1.125241361,-40.98289261
Canada,2016,34318.54492,42314.06158,4667.703125,110.2246709,1.428759547,32.7,-2.956596148,-2.936474797,1.428759547,26.97360732
Canada,2017,36906.31172,45129.62812,4920.728516,111.9848311,1.596884129,33.3,7.540432729,6.653973714,1.596884129,11.76717117
Canada,2018,37828.31686,46539.17616,5080.323242,114.5248998,2.268225672,32.5,2.498231596,3.123331832,2.268225672,42.04071742
Canada,2019,37785.72761,46352.86934,5115.976074,116.7572982,1.949269024,31.7,-0.1125856286,-0.4003225409,1.949269024,-14.06194508
Chile,2009,7591.880292,10098.80172,738.284729,98.60891314,0.3530451784,47.4,,,,
Chile,2011,10496.04266,14487.39278,994.6660767,103.3412169,3.341216943,46.9,38.25353219,43.45655246,4.79906294,846.3992564
Chile,2013,12389.67046,15683.54864,1183.62085,108.3541174,1.78955554,46.8,18.04135002,8.256529466,4.850823901,-46.44000762
Chile,2015,11170.85481,13433.9203,1133.279785,118.401419,4.348773532,45.3,-9.837353234,-14.34387325,9.272653312,143.0085815
Chile,2017,11698.30222,14879.90862,1367.716431,125.5665448,2.182718469,45.3,4.721638714,10.76371076,6.051553974,-49.80841259
Chile,2020,9720.749788,13114.81547,1280.632324,135.9309826,3.045490848,47,-16.90461053,-11.86225801,8.254139484,39.52742379
China,2010,3487.258993,4550.473944,189.3437042,100,3.175324753,43.7,,,,
China,2011,4132.672201,5614.386022,239.7543335,105.5538989,5.553898923,42.4,18.50775091,23.38024768,5.553898923,74.90805997
China,2012,4770.263182,6300.58218,285.31427,108.318909,2.619524326,42.2,15.428056,12.22210504,2.619524326,-52.83449766
China,2013,5239.785134,7020.386074,329.7810669,111.1580018,2.621050017,39.7,9.842684434,11.42440292,2.621050017,0.0582430562
China,2014,5753.408668,7636.07434,363.0093994,113.2940602,1.921641628,39.2,9.802377782,8.770005801,1.921641628,-26.68428244
China,2015,6012.718649,8016.445595,393.7799072,114.9221228,1.437023809,38.6,4.507066955,4.981240854,1.437023809,-25.21894881
China,2016,6078.485222,8094.390167,398.7892151,117.2205674,2.000001822,38.5,1.093790957,0.9723083819,2.000001822,39.17666561
China,2017,6658.943735,8817.045608,440.588501,119.0880504,1.593136001,39.1,9.549394168,8.927855292,1.593136001,-20.34327253
China,2018,7331.859806,9905.406383,504.7997437,121.5588779,2.0747904,38.5,10.10544762,12.34382607,2.0747904,30.23309992
China,2019,7470.113815,10143.86022,539.6194458,125.0831544,2.899234164,38.2,1.885660835,2.407309992,2.899234164,39.73624343
China,2020,7510.442656,10408.71955,583.4321899,128.1094436,2.419421895,37.1,0.5398691618,2.611030986,2.419421895,-16.5496211
China,2021,9015.348004,12617.5051,670.5145874,129.3662166,0.9810151355,35.7,20.03750534,21.22053091,0.9810151355,-59.45249823
Colombia,2009,4280.981467,5250.972924,383.5496216,97.77847091,4.202516612,54.3,,,,
Colombia,2010,5121.888449,6398.295845,452.0512085,100,2.272002279,54.6,19.642855,21.84972075,2.272002279,-45.93710178
Colombia,2011,5701.3386,7400.99407,501.2983093,103.4150334,3.415033448,53.5,11.31321301,15.67133264,3.415033448,50.30942
Colombia,2012,6333.716591,8108.598382,546.2114868,106.6925681,3.169301888,52.6,11.09174592,9.560936088,3.169301888,-7.195582799
Colombia,2013,6548.41345,8279.102556,579.8796387,108.8445489,2.016992243,52.6,3.389745281,2.102757665,2.016992243,-36.35846902
Colombia,2014,6588.061797,8187.208249,586.8764038,111.9997759,2.898837878,52.5,0.6054649232,-1.109954937,2.898837878,43.72082429
Colombia,2015,5260.868776,6248.514905,468.6054382,117.5883756,4.989831158,51,-20.14542459,-23.67954112,4.989831158,72.13212222
Colombia,2016,5070.85301,5959.842504,447.0699463,126.4233315,7.513460246,50.6,-3.611870471,-4.619856175,7.513460246,50.57544048
Colombia,2017,5446.607779,6479.532313,495.2702637,131.87763,4.314313257,49.7,7.410089937,8.719858099,4.314313257,-42.5788769
Colombia,2018,5630.586587,6816.968183,517.1584473,136.151216,3.240569329,50.4,3.377860417,5.207719537,3.240569329,-24.8879454
Colombia,2019,5391.534175,6472.545449,500.7313843,140.9478497,3.523019327,51.3,-4.245604048,-5.052432762,3.523019327,8.716060957
Colombia,2020,4605.788773,5339.687114,462.2328186,144.5090874,2.526635001,53.5,-14.57368861,-17.50251651,2.526635001,-28.28211355
Colombia,2021,5127.309256,6222.621644,557.5394898,149.5597632,3.495057574,55.1,11.32315241,16.53532336,3.495057574,38.32855054
Costa Rica,2009,6205.200799,6832.698299,529.6087036,94.64072561,7.842701677,50.6,,,,
Costa Rica,2010,7525.70741,8265.788203,654.1734009,100,5.662757084,48,21.28064271,20.97399652,5.662757084,-27.79583723
Costa Rica,2011,8427.831673,9276.391075,742.1419067,104.8779983,4.87799831,48.8,11.9872354,12.22633399,4.87799831,-13.85824542
Costa Rica,2012,9250.980911,10126.9991,776.4348755,109.5927396,4.495453144,48.4,9.76703463,9.169600768,4.495453144,-7.842257046
Costa Rica,2013,9833.060348,10803.2402,816.8787231,115.3259042,5.231336142,49.2,6.292083433,6.677605942,5.231336142,16.36949546
Costa Rica,2014,9894.223728,10911.49788,822.9100342,120.5377136,4.519200985,48.6,0.6220177372,1.002085302,4.519200985,-13.61287322
Costa Rica,2015,10614.15739,11714.7106,875.3497315,121.5044043,0.8019820051,48.4,7.27630259,7.361159107,0.8019820051,-82.25389825
Costa Rica,2016,10960.22077,12091.03016,870.7384033,121.4831668,-0.01747885059,48.7,3.260394362,3.212367556,-0.01747885059,-102.1794567
Costa Rica,2017,11011.31106,12317.09028,853.7504883,123.45837,1.62590693,48.3,0.4661428459,1.869651415,1.62590693,-9402.138727
Costa Rica,2018,11226.58729,12590.24938,902.2211914,126.2005219,2.221114615,48,1.955046271,2.217724275,2.221114615,36.60773408
Costa Rica,2019,11493.0208,12884.686,914.8847046,128.8457433,2.096046353,48.2,2.373236934,2.338608301,2.096046353,-5.630878349
Costa Rica,2020,10980.84397,12394.0494,953.0825195,129.7797609,0.7249114781,49.2,-4.456416081,-3.807904969,0.7249114781,-65.41529356
Costa Rica,2021,11172.4316,12838.11854,948.9216309,132.0203794,1.726477551,48.7,1.744744124,3.582922132,1.726477551,138.1639142
Croatia,2009,11560.02743,14475.96329,1188,98.97995705,2.378528459,32.6,,,,
Croatia,2010,11109.97575,13731.28652,1126,100,1.030555053,32.4,-3.893171409,-5.144229482,1.030555053,-56.6725784
Croatia,2011,11677.72547,14694.99932,1132,102.2727273,2.272727273,32.3,5.110269682,7.018372221,2.272727273,120.5342903
Croatia,2012,10625.5449,13508.6837,1030,105.7623479,3.412073491,32.5,-9.010149913,-8.072920558,3.412073491,50.1312336
Croatia,2013,11265.00965,14136.39677,890,108.1066571,2.216582064,32,6.018183127,4.646737476,2.216582064,-35.03709488
Croatia,2014,11306.57767,14187.96945,909,107.8740157,-0.2151961596,32.1,0.3690012327,0.3648220056,-0.2151961596,-109.708468
Croatia,2015,10121.64965,12285.30326,796,107.372942,-0.4644990046,31.1,-10.47998835,-13.41041931,-0.4644990046,115.8491144
Croatia,2016,10404.45543,12821.17381,841,106.1649964,-1.125,30.9,2.79406809,4.361883012,-1.125,142.1964286
Croatia,2017,11582.54042,13902.63105,903,107.3639943,1.129372103,30.4,11.32288947,8.434931545,1.129372103,-200.3886314
Croatia,2018,12984.30368,15460.41833,1025,108.9745884,1.50012501,29.7,12.10238179,11.20498182,1.50012501,32.8282332
Croatia,2019,13113.7613,15563.81674,1040,109.8156764,0.7718203465,28.9,0.9970316833,0.6687943879,0.7718203465,-48.54959812
Croatia,2020,12231.38931,14808.46202,1095,109.9856836,0.1548113746,29.5,-6.72859579,-4.853274319,0.1548113746,-79.94204542
Croatia,2021,14553.48421,17789.93047,1384,112.7952756,2.554506996,28.9,18.98471908,20.13354561,2.554506996,1550.077072
Cyprus,2009,28200.11719,32236.44922,2105,97.62760922,0.3262766522,32.1,,,,
Cyprus,2010,26890.35352,31105.02734,2045,100,2.430040841,31.5,-4.644532727,-3.509759612,2.430040841,644.7792615
Cyprus,2011,29378.47852,32485.79688,2115,103.2894494,3.289449396,32.6,9.252853439,4.439055835,3.289449396,35.36601279
Cyprus,2012,25145.88867,28991.93555,1899,105.7570902,2.3890541,34.3,-14.40711043,-10.75504271,2.3890541,-27.37221908
Cyprus,2013,23695.25586,27797.45703,1916,105.3347412,-0.3993576765,37,-5.768866758,-4.120037152,-0.3993576765,-116.716142
Cyprus,2014,22731.18359,27244.35156,1874,103.9074672,-1.354988854,35.6,-4.068629904,-1.989770029,-1.354988854,239.2920518
Cyprus,2015,20165.85156,23487.22852,1596,101.72853,-2.096997691,34,-11.28551895,-13.79046603,-2.096997691,54.76125015
Cyprus,2016,20629.85742,24715.1543,1649,100.2746597,-1.429166667,32.9,2.300948502,5.228057369,-1.429166667,-31.84700808
Cyprus,2017,22676.03906,26696.99023,1773,100.8078868,0.5317664962,31.4,9.918544752,8.018707525,0.5317664962,-137.2081513
Cyprus,2018,24887.57031,29599.98633,2021,102.2549751,1.435491195,32.7,9.75272288,10.87387031,1.435491195,169.9476567
Cyprus,2019,24414.5918,29703.05273,2093,102.5109919,0.2503709968,31.2,-1.900460791,0.3481974792,0.2503709968,-82.55851394
Cyprus,2020,22488.41602,28649.01563,2362,101.8565384,-0.638422798,31.7,-7.889444957,-3.548581753,-0.638422798,-354.9907163
Cyprus,2021,24687.48242,33734.29297,2990,104.3480396,2.446088672,31.3,9.778662956,17.75026902,2.446088672,-483.1455705
Czechia,2009,14319.40418,19817.42158,1442.242798,98.5486472,1.019377353,26.2,,,,
Czechia,2010,14232.53146,20160.43551,1516.048584,100,1.472727273,26.6,-0.6066782787,1.730870601,1.472727273,44.47321867
Czechia,2011,15447.39968,22049.10808,1654.510132,101.9172191,1.917219136,26.4,8.535854733,9.368213154,1.917219136,30.1815463
Czechia,2012,14334.3443,20014.0354,1515.81604,105.2678731,3.287623066,26.1,-7.205454599,-9.229727888,3.287623066,71.47873207
Czechia,2013,14511.85955,20260.4955,1514.014038,106.7819387,1.438297872,26.5,1.238391106,1.231436307,1.438297872,-56.2511321
Czechia,2014,14284.85669,20038.41632,1516.056274,107.1492564,0.3439885896,25.9,-1.564257589,-1.096119204,0.3439885896,-76.08363356
Czechia,2015,12903.36809,17931.59877,1314.83728,107.4807382,0.3093645485,25.9,-9.671000705,-10.5138925,0.3093645485,-10.06546211
Czechia,2016,13479.63918,18753.96867,1384.663574,108.2153736,0.6835042094,25.4,4.466051683,4.586149375,0.6835042094,120.9381174
Czechia,2017,15315.25211,20913.19763,1525.3479,110.8672281,2.450533985,24.9,13.6176711,11.51345082,2.450533985,258.5250758
Czechia,2018,17451.20067,23705.93298,1753.198975,113.2503136,2.149494949,25,13.94654518,13.35393754,2.149494949,-12.28463008
Czechia,2019,17471.65529,24062.719,1803.05249,116.475542,2.847875959,25.3,0.1172103804,1.505049476,2.847875959,32.49046991
Czechia,2020,16844.23511,23472.89155,2119.268311,120.1576778,3.161295285,26.2,-3.59107462,-2.451208676,3.161295285,11.00537138
Czechia,2021,19843.78291,27696.46195,2498.516602,124.7715463,3.839844915,26.2,17.80756311,17.99339634,3.839844915,21.46429134
Denmark,2009,47573.96705,58412.74724,6222,97.7412731,1.30470991,26.7,,,,
Denmark,2010,48113.33602,58104.54456,6171,100,2.31092437,27.2,1.13374813,-0.5276291408,2.31092437,77.12169974
Denmark,2011,51361.50182,61809.7379,6438,102.7586823,2.758682261,27.3,6.751071675,6.376770297,2.758682261,19.37570509
Denmark,2012,48806.80302,58443.77471,6168,105.222748,2.397914857,27.8,-4.973956566,-5.445684292,2.397914857,-13.07752651
Denmark,2013,51939.82636,61377.59406,6334,106.053031,0.7890717801,28.5,6.419234911,5.019900517,0.7890717801,-67.09341961
Denmark,2014,53755.90909,62520.45097,6467,106.6511919,0.5640205404,28.4,3.496512901,1.862009962,0.5640205404,-28.52100979
Denmark,2015,45798.0298,53094.01336,5532,107.1332917,0.4520341537,28.2,-14.80372935,-15.07736663,0.4520341537,-19.85501923
Denmark,2016,46794.91137,54500.92604,5624,107.4011249,0.25,28.2,2.176690943,2.649851822,0.25,-44.69444444
Denmark,2017,49220.80391,57521.5515,5834,108.6331578,1.14713217,28.7,5.184094752,5.54233786,1.14713217,358.8528678
Denmark,2018,52836.99612,61324.7665,6233,109.5170074,0.8136094675,28.2,7.34687758,6.611808802,0.8136094675,-29.07447903
Denmark,2019,50967.6115,59404.26632,6059,110.3472904,0.7581315725,27.7,-3.538022136,-3.131687716,0.7581315725,-6.818737633
Denmark,2020,52242.03137,60985.48856,6442,110.8115347,0.4207119741,27.5,2.500450439,2.661799115,0.4207119741,-44.50673348
Denmark,2021,58796.35993,69727.98737,7382,112.8649228,1.85304544,28.3,12.5460829,14.33537554,1.85304544,340.4546469
Dominican Republic,2009,4595.065677,4977.798844,238.2713623,94.04689529,1.442151318,48.9,,,,
Dominican Republic,2010,5047.560735,5484.646379,271.2666321,100,6.329932201,47.3,9.847412211,10.18216185,6.329932201,338.922887
Dominican Republic,2011,5351.055897,5834.705907,295.194397,105.7967681,5.796768092,47.7,6.012709453,6.382535968,5.796768092,-8.422903949
Dominican Republic,2012,5518.653857,6025.725827,305.4364624,109.7054266,3.694497079,46.1,3.132054011,3.273856866,3.694497079,-36.26626044
Dominican Republic,2013,5537.428277,6149.027489,303.3797913,115.005242,4.830950967,47.7,0.3401992541,2.046254106,4.830950967,30.76071964
Dominican Republic,2014,5851.79887,6512.507714,313.4575195,118.4538378,2.998642261,44.3,5.677194855,5.911182308,2.998642261,-37.9285304
Dominican Republic,2015,6214.21529,6819.932252,322.9460754,119.4449959,0.8367463467,45.2,6.193248069,4.720524731,0.8367463467,-72.09582625
Dominican Republic,2016,6501.207713,7174.823496,329.1087952,121.3730365,1.614166072,45.7,4.618321203,5.203735625,1.614166072,92.90984404
Dominican Republic,2017,6727.578894,7499.692862,337.6092529,125.3535344,3.279556947,42.2,3.481986593,4.52790743,3.279556947,103.173453
Dominican Republic,2018,7113.34938,7934.981412,327.9010925,129.8216787,3.56443426,43.7,5.734165179,5.804085024,3.56443426,8.686457286
Dominican Republic,2019,7270.192051,8164.220809,346.5079041,132.1722349,1.81060377,41.9,2.204906048,2.888972076,1.81060377,-49.20361442
Dominican Republic,2020,6313.756343,7162.291752,354.0936279,137.1697091,3.781031799,39.6,-13.15557693,-12.2721945,3.781031799,108.827125
Dominican Republic,2021,7364.098945,8472.47982,416.8997498,148.476613,8.24300348,38.5,16.63577979,18.2928609,8.24300348,118.0093667
Ecuador,2009,3303.942696,4053.363311,245.9553986,96.56762231,5.159968292,48.5,,,,
Ecuador,2010,3484.174108,4520.30959,288.6725464,100,3.554377346,48.8,5.455040502,11.51997102,3.554377346,-31.11629482
Ecuador,2011,3771.616968,5153.691642,342.3848877,104.4745327,4.474532658,45.9,8.249956828,14.01191753,4.474532658,25.88794669
Ecuador,2012,4196.201362,5634.083932,389.7561035,109.8045327,5.10172181,46.1,11.25735722,9.321323874,5.10172181,14.01686387
Ecuador,2013,4567.574489,6109.290315,416.3429565,112.7931658,2.721775777,46.9,8.850221775,8.434492438,2.721775777,-46.64985903
Ecuador,2014,4809.210381,6405.799793,435.5133057,116.8415609,3.589220166,45,5.29024523,4.853419343,3.589220166,31.87053086
Ecuador,2015,4854.429311,5976.159681,466.2375183,121.4762523,3.966646233,46,0.9402568494,-6.707048711,3.966646233,10.51554513
Ecuador,2016,4784.817801,5917.637713,450.8292542,123.5756834,1.728264633,45,-1.433979263,-0.9792570978,1.728264633,-56.43007891
Ecuador,2017,4822.279331,6233.322448,470.8032837,124.0914087,0.4173355887,44.7,0.7829249067,5.334641129,0.4173355887,-75.85233299
Ecuador,2018,4668.739001,6303.918925,494.7149048,123.8133158,-0.224103246,45.4,-3.183978367,1.132565784,-0.224103246,-153.6985707
Ecuador,2019,4622.757334,6205.057595,484.3680725,124.1426747,0.2660125155,45.7,-0.9848840776,-1.568251934,0.2660125155,-218.7008757
Ecuador,2020,4317.410628,5463.645096,471.8757629,123.7219895,-0.3388723926,47.3,-6.60529384,-11.9485192,-0.3388723926,-227.3896425
Ecuador,2021,4420.825286,6075.802657,494.3083801,123.8868507,0.1332513861,45.8,2.395293547,11.20419701,0.1332513861,-139.3219952
"Egypt, Arab Rep.",2010,2089.409049,2455.081946,107.4189224,100,11.26518827,30.2,,,,
"Egypt, Arab Rep.",2012,2551.208276,2996.067707,142.7594147,117.8924457,7.111729433,28.3,22.10190613,22.03534434,17.89244572,-36.86985725
"Egypt, Arab Rep.",2015,2983.278506,3306.981594,173.5194397,156.7843726,10.37049034,31.8,16.93590578,10.37739855,32.98932911,45.82234097
"Egypt, Arab Rep.",2017,1999.859373,2395.103333,107.9884796,231.0941154,29.50660839,31.5,-32.96437564,-27.57433736,47.3961413,184.5247179
"Egypt, Arab Rep.",2019,2431.968009,2962.98892,145.3102875,288.5727744,9.152799593,31.9,21.60695104,23.71027502,24.87240268,-68.98050948
El Salvador,2009,2540.333614,2910.186518,255.381424,98.83441045,1.055950297,45.8,,,,
El Salvador,2010,2666.647034,3040.07301,268.6670837,100,1.179335769,43.5,4.972316213,4.463167265,1.179335769,11.68478022
El Salvador,2011,2954.688644,3330.600495,293.3677063,105.1289238,5.128923767,42.3,10.8016399,9.556595662,5.128923767,334.8993648
El Salvador,2012,3033.327819,3497.912569,298.7254028,106.9473754,1.729734816,41.8,2.661504636,5.023480737,1.729734816,-66.27489714
El Salvador,2013,3051.757099,3582.26694,321.8266296,107.7576827,0.7576691845,43.4,0.6075598007,2.41156316,0.7576691845,-56.19737907
El Salvador,2014,3111.704498,3666.012489,312.8674622,108.9875692,1.141344675,41.6,1.964356813,2.33778081,1.141344675,50.63891982
El Salvador,2015,3205.960987,3790.340891,329.4425049,108.1904511,-0.7313844874,40.6,3.029095111,3.391379661,-0.7313844874,-164.080948
El Salvador,2016,3266.583474,3901.34015,337.2749023,108.8439745,0.604049087,40,1.890930278,2.92847693,0.604049087,-182.5898139
El Salvador,2017,3329.518054,4020.126714,335.7371216,109.9458609,1.012354033,38,1.926617867,3.044763069,1.012354033,67.59466324
El Salvador,2018,3426.776045,4183.54621,345.0518189,111.1446336,1.090330006,38.6,2.92108315,4.065033458,1.090330006,7.702441054
El Salvador,2019,3567.957559,4320.116715,377.0255737,111.2283523,0.075324135,38.8,4.119951569,3.264467483,0.075324135,-93.09162046
El Salvador,2021,3710.660817,4642.607431,442.2137451,114.6569139,3.466925853,39,3.99957837,7.464861181,3.082452884,4502.675959
Estonia,2009,11532.87994,14712.44942,1006.50708,97.11373595,-0.07840831128,31.4,,,,
Estonia,2010,11282.42234,14663.7041,966.1902466,100,2.97204512,32,-2.171683091,-0.3313202209,2.97204512,-3890.472045
Estonia,2011,13704.93151,17555.54552,1061.162842,104.9819013,4.981901315,32.5,21.47153422,19.72108413,4.981901315,67.62535941
Estonia,2012,13778.33723,17568.2138,1058.719604,109.1112593,3.933399873,32.9,0.5356154092,0.07216109013,3.933399873,-21.04621058
Estonia,2013,15315.38844,19310.38749,1194.862061,112.1451705,2.78056659,35.1,11.15556381,9.916623928,2.78056659,-29.30882495
Estonia,2014,16276.91133,20581.7899,1287.76123,112.0261002,-0.1061751465,34.6,6.278148908,6.584033644,-0.1061751465,-103.8184716
Estonia,2015,14040.88602,17722.15577,1156.202759,111.4745666,-0.4923260065,32.7,-13.73740547,-13.89400118,-0.4923260065,363.692326
Estonia,2016,14872.60242,18666.37365,1226.085938,111.6403124,0.1486849076,31.2,5.923532141,5.327895193,0.1486849076,-130.2004984
Estonia,2017,16600.90075,20851.52235,1350.126465,115.4553248,3.417235495,30.4,11.62068536,11.70633749,3.417235495,2198.306902
Estonia,2018,18854.37331,23618.13613,1553.433472,119.4227472,3.436326884,30.3,13.57439933,13.26816205,3.436326884,0.558679358
Estonia,2019,19062.76949,24021.25014,1599.350342,122.1423128,2.277259312,30.8,1.105293597,1.706798596,2.277259312,-33.72984034
Estonia,2020,19133.10065,23933.99394,1789.03479,121.5993523,-0.4445310977,30.7,0.3689451371,-0.3632458707,-0.4445310977,-119.5204426
Estonia,2021,22462.36475,27953.76702,2094.503174,127.2575729,4.653166738,31.8,17.40054665,16.79524567,4.653166738,-1146.75843
Finland,2009,38788.56063,47478.34953,4350,98.82972244,-9.17E-07,27.5,,,,
Finland,2010,38296.2127,46506.2919,4252,100,1.184135232,27.7,-1.269312185,-2.047370305,1.184135232,-129080802.8
Finland,2011,41789.95588,51060.32426,4718,103.4168075,3.416807543,27.6,9.122946964,9.79229298,3.416807543,188.5487613
Finland,2012,38711.30979,47551.67408,4573,106.3210992,2.808336226,27.1,-7.366952237,-6.871578326,2.808336226,-17.80818233
Finland,2013,40439.56725,49691.01452,4892,107.8928293,1.478286157,27.2,4.464476846,4.498980272,1.478286157,-47.36078453
Finland,2014,41149.74788,50073.77608,4923,109.0162054,1.041196212,26.8,1.756152897,0.7702832498,1.041196212,-29.56734344
Finland,2015,35093.91464,42560.34568,4128,108.7895292,-0.2079288399,27.1,-14.71657435,-15.00472102,-0.2079288399,-119.9701879
Finland,2016,35796.98258,43451.25624,4109,109.1775646,0.3566845009,27.1,2.003389885,2.093287903,0.3566845009,-271.5416202
Finland,2017,37839.34244,46085.01747,4236,110.0007799,0.7540150471,27.4,5.705396702,6.061415612,0.7540150471,111.3955177
Finland,2018,40864.14837,49654.2497,4522,111.1929914,1.083820984,27.3,7.993812087,7.744886354,1.083820984,43.73996756
Finland,2019,39659.40524,48358.18078,4460,112.3317121,1.02409393,27.7,-2.948166487,-2.610187313,1.02409393,-5.510785945
Finland,2020,40405.34387,48828.68469,4736,112.658097,0.2905545557,27.1,1.880861874,0.972956181,0.2905545557,-71.62813417
Finland,2021,44416.2002,53099.13514,5488,115.1304627,2.194574323,27.7,9.926549165,8.745782282,2.194574323,655.3054257
France,2009,35241.31511,41728.08842,4737.578125,98.49196713,0.08762047816,32.7,,,,
France,2010,34397.40755,40694.82117,4592.383301,100,1.531122704,33.7,-2.394653995,-2.476191184,1.531122704,1647.448469
France,2011,37189.4419,43929.78409,4931.87793,102.111598,2.111597952,33.3,8.116990653,7.949323341,2.111597952,37.91173927
France,2012,34394.69344,40863.58144,4644.595703,104.107058,1.954195316,33.1,-7.514897563,-6.979780825,1.954195316,-7.454195316
France,2013,35878.04225,42669.17951,4884.766602,105.0062468,0.8637154979,32.5,4.31272577,4.418599658,0.8637154979,-55.8019871
France,2014,36234.5312,43148.04593,4980.814941,105.5394253,0.5077588229,32.3,0.9936131685,1.12227707,0.5077588229,-41.2122598
France,2015,30908.68633,36702.43237,4201.781738,105.5790178,0.03751438051,32.7,-14.69825796,-14.93836723,0.03751438051,-92.61177181
France,2016,31203.69485,37024.21571,4256.765625,105.7725809,0.1833348611,31.9,0.9544518219,0.8767357344,0.1833348611,388.705554
France,2017,32666.61256,38687.16264,4410.599121,106.864453,1.032282751,31.6,4.688283611,4.491511556,1.032282751,463.0586263
France,2018,34960.74076,41418.17665,4666.97998,108.8423164,1.850815083,32.4,7.022853044,7.05922539,1.850815083,79.29342343
France,2019,33898.5168,40408.28486,4504.484863,110.0485668,1.108254923,31.2,-3.038333671,-2.438281626,1.108254923,-40.12071044
France,2020,31908.09822,39169.8606,4755.44043,110.5729469,0.4764988527,30.7,-5.871698123,-3.064778081,0.4764988527,-57.00458054
France,2021,36447.57846,43725.09995,5380.875,112.3889211,1.64233141,31.5,14.22673393,11.62945,1.64233141,244.6663934
Georgia,2009,2433.037238,2822.689397,275,93.36180833,1.727514611,38.2,,,,
Georgia,2010,2713.940099,3281.729309,290,100,7.110178975,39.5,11.54535805,16.26250176,7.110178975,311.5843031
Georgia,2011,3350.545343,4119.668183,317,108.5429333,8.542933333,39.6,23.45686422,25.53345492,8.542933333,20.15074956
Georgia,2012,3765.070675,4530.695334,349,107.5186583,-0.9436588533,39,12.37187652,9.977190705,-0.9436588533,-111.0460754
Georgia,2013,3904.295302,4712.002294,358,106.9681,-0.5120584109,38.6,3.697795843,4.001746892,-0.5120584109,-45.73691444
Georgia,2014,4038.986662,4830.334862,369,110.25075,3.068812104,37.6,3.449825127,2.511301152,3.068812104,-699.3089925
Georgia,2015,3333.061251,4086.622347,294,114.664725,4.003578207,36.5,-17.47778515,-15.39670719,4.003578207,30.46019344
Georgia,2016,3259.603283,4143.401257,321,117.1127333,2.134927139,36.6,-2.203918921,1.389384813,2.134927139,-46.67452391
Georgia,2017,3507.479077,4418.752065,304,124.1808583,6.035317253,37.9,7.604477355,6.645526019,6.035317253,182.6942963
Georgia,2018,3863.888408,4804.054604,332,127.4284917,2.615244714,36.4,10.16141004,8.719713912,2.615244714,-56.66765135
Georgia,2019,3802.126605,4741.283272,309,133.6124667,4.852898217,35.9,-1.598436515,-1.306632368,4.852898217,85.56191667
Georgia,2020,3499.623053,4300.857013,355,140.5636083,5.20246489,34.5,-7.95616725,-9.289178339,5.20246489,7.20325581
Georgia,2021,4084.970574,5083.606955,417,154.0112083,9.566914338,34.2,16.72601626,18.19985969,9.566914338,83.89195393
Germany,2009,34858.12486,42487.21371,4674.919434,98.90824058,0.3127390074,30.5,,,,
Germany,2010,34884.03479,42409.9357,4611.421875,100,1.103810378,30.2,0.07432967457,-0.1818853343,1.103810378,252.9493769
Germany,2011,39563.81733,47646.58204,5037.491699,102.0751728,2.075172837,30.6,13.41525592,12.34768753,2.075172837,88.00084497
Germany,2012,36959.96893,44735.58823,4765.678711,104.1253413,2.008488848,31.1,-6.581388182,-6.109554319,2.008488848,-3.21341858
Germany,2013,38946.31307,47220.01021,5100.152344,105.6921396,1.504723303,31.5,5.374312235,5.553569487,1.504723303,-25.08181939
Germany,2014,40356.48312,48971.08247,5309.154785,106.6505496,0.9067940004,30.8,3.620805005,3.708326734,0.9067940004,-39.73682743
Germany,2015,34656.44191,41911.01099,4627.35791,107.1991879,0.5144261371,31.7,-14.12422682,-14.41681729,0.5144261371,-43.2697904
Germany,2016,35663.67889,42961.03569,4746.870117,107.7263367,0.4917470084,31.4,2.906348522,2.50536716,0.4917470084,-4.408626826
Germany,2017,37760.33968,45526.59996,5070.195801,109.3524602,1.509494851,31.3,5.878980656,5.971839891,1.509494851,206.9657416
Germany,2018,40854.55597,48874.8595,5511.214355,111.2466294,1.732168798,31.9,8.194355035,7.354512633,1.732168798,14.7515539
Germany,2019,39718.00233,47623.86561,5486.98877,112.8548771,1.445659769,31.8,-2.781950777,-2.55958566,1.445659769,-16.54047973
Germany,2020,39043.09715,47379.76519,5936.251465,113.0183789,0.1448779258,32.4,-1.699242521,-0.5125590076,0.1448779258,-89.97842169
Greece,2009,24419.48974,29425.45732,2809.05957,95.49913614,1.210072692,33.6,,,,
Greece,2010,21641.90036,26653.0488,2564.369385,100,4.712989078,34.1,-11.37447758,-9.421802655,4.712989078,289.4798312
Greece,2011,20268.83991,25504.78665,2338.915039,103.3298532,3.329853234,34.8,-6.344454146,-4.308183122,3.329853234,-29.34731699
Greece,2012,18108.18941,21624.34605,1948.248535,104.8813788,1.501526962,36.3,-10.65996134,-15.21455816,1.501526962,-54.90711282
Greece,2013,17844.24842,21573.34498,1832.029663,103.9151387,-0.9212694543,36.1,-1.457578073,-0.2358502595,-0.9212694543,-161.3555053
Greece,2014,17998.02352,21474.72571,1700.494385,102.5515009,-1.312260964,35.8,0.8617628565,-0.4571347837,-1.312260964,42.44051596
Greece,2015,15044.37444,17980.72982,1481.419678,100.7713217,-1.735888048,36,-16.41096356,-16.27027016,-1.735888048,32.28222855
Greece,2016,14903.30493,17919.24264,1513.259155,99.93929926,-0.8256539784,35,-0.9376894091,-0.3419615706,-0.8256539784,-52.43621963
Greece,2017,15546.666,18631.99301,1509.784546,101.0598732,1.12125452,34.4,4.316901967,3.977569754,1.12125452,-235.8019884
Greece,2018,16496.93584,19873.40152,1603.077881,101.6921254,0.6256214135,32.9,6.112370634,6.662778964,0.6256214135,-44.20344336
Greece,2019,16155.11367,19335.3602,1569.029053,101.9494141,0.253007522,33.1,-2.072034344,-2.707343898,0.253007522,-59.5590054
Greece,2020,14754.74349,17886.73317,1675.117065,100.6771022,-1.247983556,33.6,-8.668278075,-7.492112999,-1.247983556,-593.2594675
Greece,2021,17262.58654,20654.7002,1845.775635,101.9092137,1.22382501,32.9,16.99685966,15.47497246,1.22382501,-198.0641936
Honduras,2009,1622.306709,1781.157036,158.5394898,95.51199576,5.496342738,51.3,,,,
Honduras,2010,1653.162219,1893.327227,163.5370483,100,4.69889065,53.1,1.901952924,6.297602524,4.69889065,-14.50877658
Honduras,2011,1845.241303,2073.661211,180.5815735,106.7622796,6.762279573,52.6,11.61888904,9.524712988,6.762279573,43.91225668
Honduras,2012,1860.106701,2126.034747,182.4237213,112.3098464,5.196186155,53.4,0.8056072258,2.525655382,5.196186155,-23.15925275
Honduras,2013,1819.618746,2081.128435,175.01651,118.1071672,5.161898986,50,-2.176646911,-2.112209674,5.161898986,-0.6598526011
Honduras,2014,1883.329154,2179.88172,171.3048096,125.3462499,6.129249303,49.9,3.501305317,4.745179722,6.129249303,18.74020239
Honduras,2015,1996.390785,2271.20266,168.9259338,129.3044729,3.15783118,49.2,6.003285814,4.189261243,3.15783118,-48.47931576
Honduras,2016,2012.1947,2307.344684,176.973114,132.8275184,2.724612233,49.8,0.7916242829,1.591316546,2.724612233,-13.7188761
Honduras,2017,2135.679642,2413.007656,168.3921661,138.0534322,3.934360844,49.4,6.136828719,4.579418651,3.934360844,44.40076268
Honduras,2018,2141.664763,2464.642415,177.6466675,144.0550973,4.347349378,48.9,0.2802443203,2.139850609,4.347349378,10.49696634
Honduras,2019,2202.270857,2502.327443,184.0391846,150.3443578,4.365871598,48.2,2.829859069,1.529026188,4.365871598,0.4260577839
Hungary,2009,10131.48046,13077.30547,944,95.3692889,4.211711712,27,,,,
Hungary,2010,10184.54124,13217.5046,983,100,4.855557957,29.4,0.5237218718,1.072079644,4.855557957,15.28704454
Hungary,2011,10941.72004,14234.47158,1063,103.929921,3.929920989,29.2,7.434589207,7.694092138,3.929920989,-19.06345215
Hungary,2012,10013.3594,12984.83657,961,109.804191,5.652145171,30.8,-8.484595068,-8.778934976,5.652145171,43.8233793
Hungary,2013,10828.65172,13715.07036,991,111.7073171,1.73319985,31.5,8.142045854,5.623742601,1.73319985,-69.33553903
Hungary,2014,11185.67109,14294.25842,1006,111.4531089,-0.227566271,30.9,3.296988238,4.22300465,-0.227566271,-113.1298345
Hungary,2015,9983.018368,12717.0386,871,111.384404,-0.06164468006,30.4,-10.75172612,-11.03393947,-0.06164468006,-72.91132829
Hungary,2016,10567.30964,13104.69955,914,111.8241154,0.3947693067,30.3,5.852851796,3.048358671,0.3947693067,-740.3947693
Hungary,2017,11639.40617,14621.2396,985,114.4500172,2.348242812,30.6,10.14540661,11.57249004,2.348242812,494.8392572
Hungary,2018,13155.8338,16425.20503,1080,117.7121264,2.850247926,29.6,13.02839342,12.33797875,2.850247926,21.37790487
Hungary,2019,13651.96048,16786.21364,1054,121.6420474,3.338586354,30,3.771153482,2.197894086,3.338586354,17.13319124
Hungary,2020,12911.78903,16131.95404,1173,125.6887667,3.326743858,29.7,-5.421722749,-3.897600843,3.326743858,-0.3547158856
Hungary,2021,14799.3838,18755.10235,1382,132.1126761,5.110965344,29.2,14.61915746,16.26057392,5.110965344,53.63266793
Iceland,2011,32094.72022,47714.59223,3911,104.0010266,4.001026643,26.8,,,,
Iceland,2012,32294.15318,45995.54788,3760,109.3944158,5.185899888,26.8,0.62138868,-3.60276442,5.185899888,29.61423029
Iceland,2013,39104.09809,49804.983,4069,113.630473,3.872279237,25.4,21.08723793,8.282182286,3.872279237,-25.33062108
Iceland,2014,43168.21411,54576.74481,4488,115.9537785,2.044614815,27.8,10.3930693,9.580892372,2.044614815,-47.19867318
Iceland,2015,42267.31247,52951.68151,4270,117.8473682,1.633055582,26.8,-2.086956004,-2.977574623,1.633055582,-20.12893727
Iceland,2016,49914.17937,61987.92636,5016,119.8471527,1.69692762,27.2,18.09167995,17.0650763,1.69692762,3.911198056
Iceland,2017,58236.91205,72010.14903,5945,121.9569607,1.760415592,26.1,16.67408498,16.16802377,1.760415592,3.741348251
India,2009,956.1860045,1094.949746,38,89.29417338,10.88235294,34.9,,,,
India,2011,1244.433726,1445.461275,48,108.9117934,8.911793365,35.4,30.14556999,32.01165443,21.96965294,-18.10784476
India,2015,1384.912625,1583.998159,58,146.7905015,4.906973441,34.7,11.28858019,9.584268125,34.779253,-44.93842888
India,2016,1481.890055,1707.508929,60,154.0540131,4.948216341,34.7,7.002422314,7.797406161,4.948216341,0.840495671
India,2017,1710.893171,1950.104683,57,159.1811978,3.328173375,35.9,15.45344845,14.20758331,3.328173375,-32.73993808
India,2018,1719.181867,1966.254552,58,165.4510689,3.938826467,34.5,0.4844659865,0.8281539473,3.938826467,18.34799524
India,2019,1784.948743,2041.428637,61,171.621576,3.729505735,33.8,3.8254752,3.823212269,3.729505735,-5.314291789
India,2020,1637.822519,1907.042516,64,182.9888226,6.623436776,33.8,-8.242602192,-6.582944815,6.623436776,77.59556483
India,2021,1907.12904,2239.613844,74,192.3787247,5.131407472,32.8,16.4429612,17.43911446,5.131407472,-22.52651237
Indonesia,2009,1652.477098,2218.485419,62.98189545,95.11652363,4.38641555,33.4,,,,
Indonesia,2010,2298.912531,3065.683484,86.36213684,100,5.134204008,34.6,39.11917651,38.18812862,5.134204008,17.04782525
Indonesia,2011,2645.079286,3579.464425,108.0318604,105.3560478,5.35604779,37.9,15.05784804,16.75909935,5.35604779,4.320899244
Indonesia,2012,2728.134588,3632.27254,106.9016342,109.8647599,4.279499996,37.1,3.13999292,1.475307746,4.279499996,-20.09966743
Indonesia,2013,2691.456374,3566.602845,103.3793182,116.9098522,6.412513302,38.9,-1.34444298,-1.80795066,6.412513302,49.84258224
Indonesia,2014,2593.311645,3441.068085,103.0588379,124.38615,6.394925408,38.8,-3.646528708,-3.519729164,6.394925408,-0.2742745713
Indonesia,2015,2534.722947,3288.222697,97.16175842,132.3009914,6.363121131,38.2,-2.259223192,-4.441800726,6.363121131,-0.4973361691
Indonesia,2016,2782.524671,3521.469435,107.5287094,136.9656666,3.525805157,36.9,9.77628441,7.09339843,3.525805157,-44.59000412
Indonesia,2017,2937.317589,3798.883262,111.5139618,142.1824123,3.80879807,36.4,5.563038446,7.877786031,3.80879807,8.026334413
Indonesia,2018,2925.859693,3860.953531,111.9118729,146.7298984,3.198346416,36.3,-0.3900802538,1.633908302,3.198346416,-16.02740924
Indonesia,2019,3080.807225,4106.948562,119.4984436,151.1766751,3.03058665,35.4,5.295795051,6.371354356,3.03058665,-5.245203118
Indonesia,2020,2933.533509,3853.702888,133.2563477,154.0807306,1.920968006,35.3,-4.780361307,-6.166273333,1.920968006,-36.61398839
Indonesia,2021,3189.243047,4287.17314,160.6417694,156.4845902,1.560129905,35.5,8.716775764,11.24814924,1.560129905,-18.78418065
"Iran, Islamic Rep.",2009,4484.781591,5415.522806,364.4345093,90.8352972,13.55155483,42.1,,,,
"Iran, Islamic Rep.",2011,6665.121008,8025.687434,518.84021,126.2933857,26.29338567,34.7,48.61640131,48.19783282,39.03558371,94.02486288
"Iran, Islamic Rep.",2012,6645.308864,8114.080998,513.454834,160.7169373,27.25681272,34.4,-0.2972510728,1.101383095,27.25681272,3.664142239
"Iran, Islamic Rep.",2013,4917.127299,6222.741948,408.3304443,219.5442149,36.60303552,34,-26.00603826,-23.30934397,36.60303552,34.28949265
"Iran, Islamic Rep.",2014,4502.348984,5672.063729,375.284668,256.0029419,16.60655324,34.8,-8.435378821,-8.849446498,16.60655324,-54.63066655
"Iran, Islamic Rep.",2015,3932.223409,4952.733555,384.2598572,287.9640939,12.48468156,35.3,-12.66284727,-12.68198328,12.48468156,-24.82075369
"Iran, Islamic Rep.",2016,4427.617504,5477.037124,447.1392517,308.8283178,7.24542549,35.9,12.59832018,10.58614526,7.24542549,-41.96547622
"Iran, Islamic Rep.",2017,4532.120293,5753.115447,466.9943237,333.6733224,8.044924377,36.7,2.360248805,5.040650929,8.044924377,11.03453328
"Iran, Islamic Rep.",2018,2766.463486,4631.78709,478.3919067,393.7816296,18.01411834,37.4,-38.9587366,-19.49080228,18.01411834,123.9190512
"Iran, Islamic Rep.",2019,2449.494857,3831.278948,378.4741821,550.9294253,39.90734557,36.5,-11.45753886,-17.28292184,39.90734557,121.533715
"Iran, Islamic Rep.",2020,2072.101242,2988.781224,338.2497253,719.4815397,30.59413904,35.8,-15.40699762,-21.9899865,30.59413904,-23.33707341
"Iran, Islamic Rep.",2021,2981.34829,4334.792686,392.5414429,1031.657502,43.38901627,35.5,43.88043541,45.03546299,43.38901627,41.82133452
Ireland,2009,36126.13941,52133.09092,5502.887695,100.9269012,-4.447546869,32.7,,,,
Ireland,2010,33922.99808,48679.40268,5133.455078,100,-0.9183886454,32.3,-6.09846876,-6.624752495,-0.9183886454,-79.35066965
Ireland,2011,35191.62313,52692.78131,5545.76416,102.5489783,2.548978302,32.9,3.739719718,8.244510841,2.548978302,-377.5489783
Ireland,2012,32552.74014,49411.73875,5210.36377,104.2869181,1.694741167,33.2,-7.498611191,-6.226740142,1.694741167,-33.51292298
Ireland,2013,35850.35705,52619.21237,5313.709473,104.8240994,0.5150994849,33.5,10.13007476,6.491319084,0.5150994849,-69.60600858
Ireland,2014,38740.0917,57278.25909,5316.269531,105.0242258,0.1909163987,31.9,8.060546347,8.854269204,0.1909163987,-62.93601444
Ireland,2015,34222.82992,64311.82347,4575.944824,104.6766379,-0.3309597834,31.8,-11.66043132,12.27964063,-0.3309597834,-273.3532507
Ireland,2016,35982.57777,64292.65997,4726.312988,104.6977038,0.0201247736,32.8,5.142029056,-0.02979778999,0.0201247736,-106.0807308
Ireland,2017,38093.97482,72499.32687,5010.256348,105.0768907,0.3621730382,31.4,5.867831525,12.76454717,0.3621730382,1699.637827
Ireland,2018,41648.30045,81248.31354,5187.057617,105.5719402,0.4711307137,30.6,9.330414193,12.06767986,0.4711307137,30.08442484
Ireland,2019,42297.14792,82508.46599,5462.730957,106.5620392,0.9378429612,30.8,1.557920633,1.550989054,0.9378429612,99.06215704
Ireland,2020,39973.74021,87567.1149,6098.266602,106.2144512,-0.3261836513,29.2,-5.49305998,6.131066489,-0.3261836513,-134.7801993
Ireland,2021,49607.17542,105561.1375,6764.258789,108.7002317,2.340341134,30.1,24.09940915,20.5488357,2.340341134,-817.4918563
Israel,2009,23010.01518,28381.64494,2036,97.37916627,3.35617819,42.6,,,,
Israel,2010,25869.42068,31338.55689,2240,100,2.691370063,42.6,12.42678669,10.41839525,2.691370063,-19.80848718
Israel,2011,28664.63859,34433.82261,2446,103.4849492,3.484949198,41.4,10.80510441,9.876861054,3.484949198,29.4860653
Israel,2012,27194.70345,33236.57312,2410,105.2226759,1.679207194,41.3,-5.128043517,-3.476957817,1.679207194,-51.81544698
Israel,2013,30702.81245,36929.60422,2681,106.8749407,1.570255392,39.9,12.89997152,11.11134737,1.570255392,-6.488288179
Israel,2014,32314.1591,38230.4954,2816,107.3877125,0.4797867614,39.8,5.24820536,3.522624237,0.4797867614,-69.445304
Israel,2015,30461.96241,36123.99079,2661,106.7419998,-0.6012910072,39.7,-5.731842471,-5.5100113,-0.6012910072,-225.3246349
Israel,2016,31762.58225,37556.62729,2801,106.1532618,-0.551552353,39,4.269652188,3.965886567,-0.551552353,-8.271977059
Israel,2017,34950.81495,40997.91102,3094,106.4286393,0.2594149745,38.2,10.03769994,9.162920066,0.2594149745,-147.0336085
Israel,2018,36072.4844,42233.26103,3220,107.2737632,0.7940756602,38.6,3.20927981,3.013202331,0.7940756602,206.1024761
Israel,2019,37723.84945,44140.82894,3354,108.1853575,0.8497831283,38.3,4.577907737,4.516743098,0.8497831283,7.015385411
Israel,2020,37501.009,44679.77158,3637,107.5206533,-0.6144123585,37.8,-0.5907150464,1.220961762,-0.6144123585,-172.3022543
Israel,2021,43494.502,52255.61591,4339,109.1444307,1.510200477,37.9,15.98221798,16.95587076,1.510200477,-345.7959148
Italy,2009,30714.24266,37388.45371,3338,98.49740629,0.7747681314,33.8,,,,
Italy,2010,29613.37777,36184.71187,3218,100,1.525516021,34.7,-3.584216305,-3.219555035,1.525516021,96.89968642
Italy,2011,31676.03177,38851.38813,3392,102.7806327,2.780632729,35.1,6.965277699,7.369621385,2.780632729,82.27489519
Italy,2012,28562.81918,35235.79891,3086,105.9065652,3.041363332,35.2,-9.828291012,-9.306203463,3.041363332,9.376664555
Italy,2013,28943.54461,35747.70795,3149,107.1986183,1.219993423,34.9,1.332940657,1.452809537,1.219993423,-59.88662684
Italy,2014,29060.83099,35750.71975,3154,107.4570178,0.2410474298,34.7,0.4052246336,0.008425148133,0.2410474298,-80.24190743
Italy,2015,24535.58458,30387.12932,2676,107.4987009,0.03879039966,35.4,-15.57163459,-15.00274811,0.03879039966,-83.90756554
Italy,2016,25551.4404,31126.32469,2700,107.3976342,-0.09401665692,35.2,4.140336768,2.432593642,-0.09401665692,-342.3709416
Italy,2017,26867.81192,32554.14668,2810,108.7149018,1.226533166,35.9,5.151848577,4.587184654,1.226533166,-1404.591342
Italy,2018,28897.69628,34746.34414,3003,109.9515203,1.137487636,35.2,7.555078793,6.734003738,1.137487636,-7.259936616
Italy,2019,28011.16548,33812.78872,2911,110.6235956,0.6112469438,34.6,-3.067825184,-2.686773062,0.6112469438,-46.26342086
Italy,2020,26185.78259,32091.48666,3062,110.4712586,-0.1377075739,35.2,-6.516625997,-5.090683518,-0.1377075739,-122.5289591
Italy,2021,29681.55713,36852.54254,3350,112.5412505,1.873783258,34.8,13.34989522,14.83588445,1.873783258,-1460.697313
Kazakhstan,2009,4635.118106,6938.011757,246,93.10946776,7.316078583,28.2,,,,
Kazakhstan,2010,5653.05788,8793.0759,244,100,7.400463563,28,21.96146356,26.73769097,7.400463563,1.153418181
Kazakhstan,2011,7013.225681,11287.14649,297,108.4529047,8.452904662,28,24.06074428,28.36402894,8.452904662,14.22128613
Kazakhstan,2012,7790.551708,12018.79665,369,114.0877745,5.19568369,28.2,11.08371615,6.482153489,5.19568369,-38.53374789
Kazakhstan,2013,9303.201634,13478.45963,363,120.867827,5.942838716,27.1,19.41646731,12.1448346,5.942838716,14.38030239
Kazakhstan,2014,8650.950665,12427.70946,374,129.1466081,6.84944977,27,-7.011037642,-7.795773397,6.84944977,15.25552176
Kazakhstan,2015,7837.748709,10196.12263,314,137.7713877,6.678285856,26.8,-9.400145582,-17.95654171,6.678285856,-2.498943997
Kazakhstan,2016,5573.041793,7475.566887,260,157.5568666,14.36109424,27.2,-28.89486509,-26.68225794,14.36109424,115.0416222
Kazakhstan,2017,6430.94922,8943.084168,278,169.2832935,7.442663213,27.5,15.39388109,19.63084945,7.442663213,-48.17481809
Kazakhstan,2018,6378.173082,9472.485273,273,179.7173443,6.163662476,27.8,-0.8206586002,5.919670389,6.163662476,-17.1847187
Kazakhstan,2019,6467.85264,9457.126147,270,189.3026785,5.333560989,28,1.406038326,-0.1621446354,5.333560989,-13.46766618
Kazakhstan,2020,6516.654531,8781.507978,338,202.020325,6.718154549,28.7,0.7545300309,-7.144011386,6.718154549,25.96002112
Kazakhstan,2021,6362.631782,9983.601036,403,218.2657316,8.04147134,29.2,-2.363524841,13.68891381,8.04147134,19.69762354
"Korea, Rep.",2010,18937.43167,23079.26013,1363.560913,100,2.939286527,32,,,,
"Korea, Rep.",2012,20885.06346,25459.1689,1553.328247,106.3010868,2.187071044,31.6,10.28456138,10.31189371,6.301086764,-25.59177118
"Korea, Rep.",2014,23855.82352,29252.93124,1880.442017,109.057167,1.274774464,31.2,14.22432865,14.90135971,2.592711256,-41.71316623
"Korea, Rep.",2016,23960.52912,29280.44032,2008.098267,110.8946503,0.9716857399,35.2,0.4389100009,0.09403871033,1.684880837,-23.77587037
"Korea, Rep.",2017,25890.44632,31600.73587,2220.564209,113.0508108,1.944332308,34.9,8.054568371,7.924387516,1.944332308,100.0988826
"Korea, Rep.",2018,27237.40308,33447.15628,2501.139648,114.7192592,1.47583935,33.7,5.202524301,5.842966496,1.47583935,-24.09531313
"Korea, Rep.",2019,25831.45515,31902.4169,2605.993408,115.1586343,0.3830003036,33.2,-5.161828104,-4.618447577,0.3830003036,-74.04864536
"Korea, Rep.",2020,25451.51717,31721.29891,2648.224121,115.7773678,0.5372880234,32.7,-1.470834601,-0.567724982,0.5372880234,40.28396802
"Korea, Rep.",2021,28058.83017,35125.5225,3260.44873,118.6698724,2.498333333,32.9,10.24423408,10.73166516,2.498333333,364.9895818
Kyrgyz Republic,2009,724.2477262,870.1988945,60,92.62027383,6.836562481,29.9,,,,
Kyrgyz Republic,2010,671.8804326,876.9544764,61,100,7.967722256,30.1,-7.23057757,0.7763261866,7.967722256,16.54573885
Kyrgyz Republic,2011,818.8761114,1117.401844,79,116.6363263,16.63632627,27.8,21.87824971,27.41845492,16.63632627,108.7965135
Kyrgyz Republic,2012,982.5793942,1168.622447,100,119.8653357,2.768442365,27.4,19.99121486,4.583901735,2.768442365,-83.35905223
Kyrgyz Republic,2013,969.0313617,1269.663035,105,127.7929318,6.613752024,28.8,-1.378823188,8.646127598,6.613752024,138.8979488
Kyrgyz Republic,2014,968.7440066,1264.526795,95,137.4211673,7.534247298,26.8,-0.02965384826,-0.4045356293,7.534247298,13.91789821
Kyrgyz Republic,2015,837.5652994,1105.65203,81,146.3581034,6.50331839,29,-13.54111161,-12.56396985,6.50331839,-13.68323692
Kyrgyz Republic,2016,872.4421614,1103.274984,73,146.9271997,0.3888382969,26.8,4.164076757,-0.2149904574,0.3888382969,-94.0209248
Kyrgyz Republic,2017,942.9032743,1221.390565,78,151.5925936,3.175309864,27.3,8.076307636,10.70590588,3.175309864,716.6144871
Kyrgyz Republic,2018,1050.331629,1283.520403,67,153.9311541,1.542661452,27.7,11.39335896,5.086811722,1.542661452,-51.41697918
Kyrgyz Republic,2019,974.7624073,1421.999275,63,155.6761524,1.133622577,29.7,-7.194796341,10.78898873,1.133622577,-26.51514203
Kyrgyz Republic,2020,910.1555136,1229.517757,64,165.5233275,6.325422963,29,-6.627963211,-13.5359786,6.325422963,457.9831498
Kyrgyz Republic,2021,870.465986,1349.997307,73,185.2289456,11.90503982,28.8,-4.360741328,9.798927129,11.90503982,88.20938754
Latvia,2009,10284.5689,11996.03227,745,101.0965293,3.534106729,35.9,,,,
Latvia,2010,8646.377108,11188.41917,689,100,-1.08463595,35,-15.92863841,-6.732335196,-1.08463595,-130.6905262
Latvia,2011,9962.779893,12902.57405,765,104.3707356,4.370735599,35.8,15.22490597,15.32079606,4.370735599,-502.9679819
Latvia,2012,10297.66603,13329.34999,746,106.7272068,2.257789244,35.2,3.361372458,3.307680607,2.257789244,-48.34303763
Latvia,2013,11293.1521,14484.47153,807,106.6957706,-0.02945477826,35.5,9.667103837,8.666000485,-0.02945477826,-101.3045849
Latvia,2014,11936.75886,15185.81458,857,107.3578078,0.6204906367,35.1,5.699088737,4.842034117,0.6204906367,-2206.587364
Latvia,2015,10454.85166,13321.97531,776,107.5448705,0.1742422436,34.2,-12.41465305,-12.27355475,0.1742422436,-71.91863449
Latvia,2016,11023.21906,13838.52668,875,107.6961144,0.1406333345,34.3,5.436398496,3.877438263,0.1406333345,-19.28861132
Latvia,2017,12167.36613,15132.49583,933,110.8520017,2.930363124,35.6,10.37942788,9.350483478,2.930363124,1983.690282
Latvia,2018,13751.56919,17252.17104,1101,113.6614949,2.534454242,35.1,13.02009853,14.00743957,2.534454242,-13.51057412
Latvia,2019,13837.83174,17294.97516,1183,116.8569846,2.811409201,34.5,0.6272924346,0.2481085837,2.811409201,10.92759752
Latvia,2020,14147.46127,17564.23215,1313,117.1129773,0.2190649048,35.7,2.237558066,1.556851006,0.2190649048,-92.20800356
Latvia,2021,16238.88976,20262.84339,1898,120.9493986,3.275829374,34.3,14.78306569,15.36424256,3.275829374,1395.369318
Lithuania,2009,10330.11909,11854.37111,865,98.69796303,4.453044565,37.2,,,,
Lithuania,2010,10178.36492,11829.12261,805,100,1.319213621,33.6,-1.469045748,-0.2129889104,1.319213621,-70.37501868
Lithuania,2011,12036.58042,14261.84338,925,104.1302756,4.130275626,32.5,18.25652272,20.56552163,4.130275626,213.0861873
Lithuania,2012,12013.39537,14294.71786,897,107.3478832,3.089982771,35.1,-0.1926215652,0.2305065419,3.089982771,-25.18700808
Lithuania,2013,13291.95225,15655.35133,959,108.4723301,1.047479371,35.3,10.64276028,9.518435294,1.047479371,-66.10080222
Lithuania,2014,14168.39787,16473.56782,1021,108.5848789,0.1037580094,37.7,6.59380658,5.226433282,0.1037580094,-90.09450569
Lithuania,2015,11842.93274,14300.25537,920,107.6248828,-0.8840974055,37.4,-16.41304223,-13.19272473,-0.8840974055,-952.0762978
Lithuania,2016,12474.14543,14981.62081,989,108.5994531,0.9055250755,38.4,5.329868033,4.764708241,0.9055250755,-202.4236775
Lithuania,2017,14132.88299,16884.71003,1083,112.6424898,3.722888623,37.3,13.29740443,12.70282597,3.722888623,311.1303733
Lithuania,2018,16199.39514,19368.5391,1249,115.6815028,2.697927792,35.7,14.62201411,14.71052253,2.697927792,-27.53133211
Lithuania,2019,16457.09573,19727.76075,1370,118.3820983,2.33450938,35.3,1.590803811,1.854665646,2.33450938,-13.47027942
Lithuania,2020,17108.31066,20541.82499,1520,119.8025585,1.19989445,36,3.957046488,4.126490856,1.19989445,-48.60185784
Lithuania,2021,19957.14793,23934.72849,1859,125.4135643,4.683544209,36.7,16.65177423,16.51704999,4.683544209,290.3296836
Luxembourg,2009,57334.18413,109419.747,7671,97.77686778,0.3680419979,31.2,,,,
Luxembourg,2010,63207.69458,110885.9914,7460,100,2.273679116,30.5,10.24434295,1.34001811,2.273679116,517.7770823
Luxembourg,2011,68844.40165,119025.0572,7175,103.4106834,3.410683411,32.1,8.917754571,7.340030714,3.410683411,50.00724537
Luxembourg,2012,73525.2286,112584.6763,6029,106.1643462,2.662841655,34.3,6.799139559,-5.410945463,2.662841655,-21.92644891
Luxembourg,2013,72403.40851,120000.1407,6357,108.005278,1.734039635,32,-1.525762133,6.5865664,1.734039635,-34.88010705
Luxembourg,2014,75837.97848,123678.7021,6547,108.6841387,0.6285439854,31.2,4.74365786,3.065464249,0.6285439854,-63.75261714
Luxembourg,2015,55729.10416,105462.0126,5422,109.2001092,0.4747431614,32.9,-26.51557271,-14.72904327,0.4747431614,-24.46938123
Luxembourg,2016,58461.79989,106899.2935,5475,109.5176995,0.2908333333,31.7,4.903534284,1.362842345,0.2908333333,-38.73880511
Luxembourg,2017,66052.63805,110193.2138,5713,111.4132314,1.730799591,34.5,12.98427038,3.08133023,1.730799591,495.1173379
Luxembourg,2018,69498.27376,116786.5117,6227,113.1158431,1.528195243,35.4,5.216499769,5.983397371,1.528195243,-11.70582366
Luxembourg,2019,62146.07705,112726.4397,6222,115.0878151,1.743320757,34.2,-10.57896307,-3.476490499,1.743320757,14.07709613
Luxembourg,2020,66535.38955,116905.3704,6786,116.031486,0.8199573021,33.4,7.062895534,3.707143361,0.8199573021,-52.96578102
Luxembourg,2021,77781.1757,133711.7944,7636,118.963509,2.526920091,32.7,16.90196185,14.37609237,2.526920091,208.1770336
Malaysia,2011,7517.54403,10217.10686,343.198761,103.1744709,3.174470922,43.9,,,,
Malaysia,2013,7818.131487,10713.64076,382.191864,107.0988169,2.105012312,41.3,3.998479512,4.859828837,3.803601712,-33.68934968
Malaysia,2015,7018.848649,9648.679794,370.7195435,112.7895351,2.104389802,41.1,-10.22345096,-9.940234077,5.313521083,-0.02957274639
Malaysia,2018,7668.782461,10901.802,416.3200073,120.6632228,0.8847091606,41.2,9.259835121,12.9874991,6.980867253,-57.95887437
Malaysia,2021,7704.953612,10903.11164,487.0088196,123.0544909,2.477102415,40.7,0.4716674506,0.01201312547,1.981770474,179.9905918
Mexico,2010,7366.453512,9728.800784,539.2655029,100,4.156727227,47.7,,,,
Mexico,2012,7902.193002,10744.13352,587.8284302,107.6589827,4.111509811,49.6,7.2726922,10.43636069,7.658982748,-1.087812927
Mexico,2014,8590.456196,11391.37735,615.1031494,116.2479852,4.018616081,48.9,8.709774538,6.024160292,7.977971007,-2.259358099
Mexico,2016,6958.927363,9097.923977,492.8739929,122.7800955,2.821707847,46.9,-18.99234215,-20.13324028,5.619117028,-29.78409008
Mexico,2018,7618.078754,10084.79376,530.6478272,136.5766487,4.899350154,46,9.472025747,10.84719747,11.23679954,73.6306669
Mexico,2020,6535.727186,8841.27075,538.5175171,146.3504877,3.396834156,44.6,-14.20767103,-12.33067365,7.156303156,-30.66765899
Moldova,2009,1737.653859,1898.439757,209,93.03723229,-0.06271859671,32.9,,,,
Moldova,2010,2325.872441,2436.799351,198,100,7.483850864,32.1,33.8513093,28.35800251,7.483850864,-12032.42715
Moldova,2011,2846.273753,2941.362241,215,107.687251,7.687251034,30.6,22.37445625,20.70596783,7.687251034,2.717854401
Moldova,2012,3043.246558,3044.808432,224,112.5830734,4.546334274,29.2,6.920374587,3.516948385,4.546334274,-40.85877704
Moldova,2013,3304.059408,3321.043978,232,117.7595069,4.597878974,28.5,8.570217547,9.072345653,4.597878974,1.133763973
Moldova,2014,3280.621009,3289.957586,231,123.7520357,5.088785546,26.8,-0.7093819042,-0.9360427768,5.088785546,10.67680501
Moldova,2015,2491.675136,2749.551371,186,135.72658,9.676240331,27,-24.04867465,-16.42593259,9.676240331,90.14832209
Moldova,2016,2721.029302,2847.087948,171,144.3578526,6.35930898,26.3,9.2048182,3.547363334,6.35930898,-34.2791336
Moldova,2017,3335.536837,3453.267277,244,153.8424955,6.570229975,25.9,22.58364268,21.29120493,6.570229975,3.316728198
Moldova,2018,3942.506135,4156.44982,276,158.5270826,3.045053973,25.7,18.19704977,20.36281834,3.045053973,-53.65376882
Moldova,2019,4190.865221,4405.334182,284,166.1962796,4.837783514,26,6.299523126,5.987907297,4.837783514,58.87348982
Moldova,2021,4753.255244,5274.605822,410,181.2614547,5.10641129,25.7,13.41942518,19.73225196,9.064688492,5.552703525
Mongolia,2010,1848.616455,2625.218814,99.48032379,100,10.04620659,33.1,,,,
Mongolia,2011,2568.185493,3736.042015,136.0482483,108.411215,8.411214953,33.9,38.92473401,42.31354714,8.411214953,-16.27471644
Mongolia,2012,3304.778023,4328.890019,169.8409576,123.9469051,14.33033483,33.8,28.68143801,15.86834415,14.33033483,70.37175857
Mongolia,2014,3154.45141,4126.239758,177.3183441,153.7315454,12.25398081,32,-4.548765812,-4.681344644,24.03016064,-14.48922195
Mongolia,2016,2648.594218,3619.900264,169.039856,163.7410267,0.7332722273,32.3,-16.03629684,-12.27120875,6.511013216,-94.01604884
Mongolia,2018,2878.387181,4107.642885,188.8626556,182.4389736,6.824247901,32.7,8.676035052,13.4739243,11.41921927,830.6568076
Montenegro,2012,5887.144304,6586.399703,536,107.7384073,4.14524725,41.2,,,,
Montenegro,2013,6424.363178,7188.863616,596,110.115001,2.205892681,39,9.125288018,9.147090076,2.205892681,-46.7850155
Montenegro,2014,6523.4129,7387.872969,579,109.3326184,-0.7105140517,38.8,1.54178273,2.768300578,-0.7105140517,-132.2098195
Montenegro,2015,5880.513496,6517.192675,577,111.0258435,1.548691582,39,-9.855261561,-11.78526347,1.548691582,-317.9677627
Montenegro,2016,6166.840414,7033.439624,596,110.724536,-0.2713850234,38.5,4.869080195,7.921308676,-0.2713850234,-117.5235035
Montenegro,2017,7028.304223,7803.358245,612,113.3600412,2.380235991,36.9,13.9692898,10.94654482,2.380235991,-977.0697664
Montenegro,2018,7834.487269,8850.374925,727,116.3201256,2.611223783,36.8,11.47052007,13.41751394,2.611223783,9.704407169
Montenegro,2019,7878.679567,8909.653876,732,116.7406969,0.3615637045,35.7,0.5640738955,0.669790281,0.3615637045,-86.15347689
Montenegro,2020,6828.855865,7677.371321,866,116.4422427,-0.2556556998,35.4,-13.32486862,-13.83086899,-0.2556556998,-170.7083417
Montenegro,2021,8483.015981,9465.96153,985,119.2494346,2.410801984,34.3,24.22309313,23.29690899,2.410801984,-1042.98777
Netherlands,2009,41457.63138,53172.02616,5283,98.74075355,1.18977687,27.9,,,,
Netherlands,2010,41485.07269,51305.73385,5192,100,1.275305696,27.8,0.06619121774,-3.509913839,1.275305696,7.188644148
Netherlands,2011,44453.57419,54701.7728,5562,102.3410702,2.341070178,27.8,7.155589482,6.619219129,2.341070178,83.56933445
Netherlands,2012,40527.21508,50473.9442,5285,104.8541039,2.455547653,27.6,-8.83249362,-7.728869443,2.455547653,4.889963424
Netherlands,2013,42399.31395,52602.28605,5533,107.4826899,2.506898527,28.1,4.619362226,4.216713961,2.506898527,2.09121878
Netherlands,2014,43058.08046,53457.22349,5602,108.5317587,0.9760350797,28.6,1.553719732,1.625285702,0.9760350797,-61.06603162
Netherlands,2015,36999.53244,45793.81354,4677,109.1832185,0.6002481473,28.2,-14.07064122,-14.33559292,0.6002481473,-38.50137564
Netherlands,2016,37170.14376,46808.52915,4644,109.5289654,0.3166666667,28.2,0.4611175125,2.215835562,0.3166666667,-47.24404097
Netherlands,2017,40003.30182,49513.68173,4935,111.0420628,1.381458714,28.5,7.622133703,5.779187329,1.381458714,336.2501202
Netherlands,2018,43940.0424,53955.077,5331,112.9336621,1.703497947,28.1,9.841039109,8.970036386,1.703497947,23.31153513
Netherlands,2019,42706.65913,53554.90075,5341,115.9079949,2.633699102,29.2,-2.806968777,-0.7416841482,2.633699102,54.60535814
Netherlands,2020,41293.75737,53467.92774,5858,117.3828783,1.272460378,26,-3.308387451,-0.162399718,1.272460378,-51.68543071
Netherlands,2021,46419.70712,60141.98809,6539,120.5237155,2.675720088,25.7,12.41337692,12.4823621,2.675720088,110.279246
North Macedonia,2009,3773.976278,4799.787228,294,98.51248587,-0.7396339631,42.8,,,,
North Macedonia,2010,3749.382743,4833.365868,302,100,1.50997522,40.1,-0.6516610782,0.6995860091,1.50997522,-304.151688
North Macedonia,2011,4253.98686,5416.866729,326,103.9047542,3.904754221,39.4,13.45832505,12.07235036,3.904754221,158.5972384
North Macedonia,2012,3928.313134,5049.826539,307,107.3502937,3.316055667,38.1,-7.65572948,-6.775876333,3.316055667,-15.07645605
North Macedonia,2013,4434.571995,5626.261157,346,110.34,2.785000567,36.2,12.88743651,11.41493898,2.785000567,-16.01466178
North Macedonia,2014,4702.597295,5925.385922,339,110.0291667,-0.2817050329,35.2,6.043994767,5.316581602,-0.2817050329,-110.1150799
North Macedonia,2015,4157.525334,5262.686719,303,109.6991667,-0.2999204756,35.6,-11.59087046,-11.1840682,-0.2999204756,6.466140315
North Macedonia,2016,4408.877699,5598.486226,323,109.4366667,-0.2392907877,34.5,6.045720585,6.380761858,-0.2392907877,-20.21525467
North Macedonia,2017,4764.058601,5955.297386,345,110.9158333,1.351618897,34.2,8.056038893,6.373350684,1.351618897,-664.8436824
North Macedonia,2018,5322.638594,6713.989254,387,112.5333333,1.458312985,33,11.72487661,12.73978138,1.458312985,7.893799691
North Macedonia,2019,5290.938433,6718.858266,421,113.3958333,0.7664395735,33.5,-0.5955722959,0.07252040747,0.7664395735,-47.44341021
Norway,2009,62013.78765,80347.57007,7302,97.63822279,2.197385869,26.2,,,,
Norway,2010,69298.7699,88163.20859,7860,100,2.418906395,25.7,11.74735898,9.727286737,2.418906395,10.08109361
Norway,2011,77792.24629,101221.8135,8900,101.2849516,1.284951588,25.3,12.25631623,14.81185303,1.284951588,-46.87882132
Norway,2012,79207.1417,102175.9193,8970,101.9907701,0.6968641115,25.7,1.818812901,0.9425891406,0.6968641115,-45.76728665
Norway,2013,81275.5747,103553.8401,9241,104.1534703,2.120486204,26.4,2.611422354,1.348576891,2.120486204,204.2897702
Norway,2014,78188.04894,97666.69518,9118,106.2799747,2.041702867,26.8,-3.798835964,-5.685105393,2.041702867,-3.715343034
Norway,2015,61241.28733,74809.9658,7566,108.5874581,2.171136654,27.5,-21.67436307,-23.40278775,2.171136654,6.339501644
Norway,2016,58475.32388,70867.361,7497,112.4423129,3.55,28.5,-4.516501159,-5.270159885,3.55,63.50882353
Norway,2017,61772.57771,76131.8384,7816,114.5507194,1.875100596,27,5.638709812,7.428634751,1.875100596,-47.18026491
Norway,2018,66488.26338,82792.84271,8272,117.7178536,2.764831345,27.6,7.633946725,8.7493018,2.764831345,47.44976093
Norway,2019,60649.02313,76430.58895,8007,120.2696589,2.167730033,27.7,-8.782362408,-7.684545615,2.167730033,-21.59630146
Pakistan,2010,808.5300527,987.3045711,24.20984077,100,12.93887056,28.8,,,,
Pakistan,2011,963.1957962,1131.735138,25.67299652,111.9160927,11.91609271,29.7,19.12925105,14.6287753,11.91609271,-7.904691888
Pakistan,2013,1009.863248,1225.434012,28.99807739,132.1944937,7.692156119,29.5,4.845063927,8.279222797,18.1192896,-35.44732904
Pakistan,2015,1159.446046,1380.470208,35.0121994,145.2824826,2.529328173,31.3,14.81218355,12.65153366,9.900555317,-67.11808583
Pakistan,2018,1461.09408,1569.338146,41.40914154,164.8793939,5.078057259,29.6,26.01656492,13.68142077,13.48883284,100.7670382
Panama,2009,6786.056397,7796.92617,551.5872803,96.62649024,2.409053041,51.8,,,,
Panama,2010,7005.916712,8331.464214,608.2467041,100,3.491288726,51.6,3.239883394,6.855753556,3.491288726,44.92369686
Panama,2011,8341.95848,9662.295922,665.8464966,105.8758024,5.875802437,51.3,19.070192,15.97356328,5.875802437,68.29895484
Panama,2012,9459.134188,11064.80636,725.8637695,111.908817,5.698199592,51.7,13.39224728,14.5152917,5.698199592,-3.022614307
Panama,2013,10512.58218,12273.3225,806.5855103,116.415564,4.027159916,51.5,11.13683317,10.92216261,4.027159916,-29.32574841
Panama,2014,11008.51087,13213.19896,920.0765991,119.4732502,2.626526999,50.5,4.717477423,7.657881227,2.626526999,-34.77966969
Panama,2015,11973.15565,14082.65485,982.7939453,119.6375164,0.1374920585,50.8,8.762718075,6.580207328,0.1374920585,-94.76525242
Panama,2016,12431.77811,14832.36116,1057.406616,120.5225159,0.7397340253,50.4,3.830422623,5.32361489,0.7397340253,438.0194562
Panama,2017,13233.75063,15694.62975,1127.688965,121.577794,0.8755859188,49.9,6.450988043,5.813427648,0.8755859188,18.36496481
Panama,2018,13209.44868,16151.32735,1228.073364,122.5037042,0.7615783594,49.2,-0.1836360927,2.909897269,0.7615783594,-13.0207164
Panama,2019,13335.63789,16477.90663,1340.137817,122.0687134,-0.355083821,49.8,0.955295002,2.021996544,-0.355083821,-146.6247257
Panama,2021,11846.94732,15509.80691,1415.244995,122.1360313,1.630703373,50.9,-11.16324981,-5.875137779,0.05514757161,-559.244628
Paraguay,2009,3312.790099,3941.848155,216.5890198,95.55555556,2.591946734,49.1,,,,
Paraguay,2010,3993.942268,4750.962737,257.0585632,100,4.651162791,51,20.56128365,20.52627474,4.651162791,79.44669654
Paraguay,2011,4950.512719,5805.401545,336.1187439,108.2539683,8.253968254,52.3,23.95053274,22.19421341,8.253968254,77.46031746
Paraguay,2012,4767.95116,5642.169917,367.1484985,112.2332964,3.67591898,47.6,-3.687730329,-2.811719869,3.67591898,-55.46482775
Paraguay,2013,5541.789317,6435.683427,390.2868652,115.245478,2.683857387,47.9,16.22999338,14.06397755,2.683857387,-26.98812455
Paraguay,2014,5817.495633,6652.254789,439.344696,121.0409745,5.028827675,50.7,4.975041445,3.365164936,5.028827675,87.37313311
Paraguay,2015,5169.88319,5879.337923,392.2241821,124.8283499,3.129002745,47.6,-11.13215177,-11.61887046,3.129002745,-37.77868427
Paraguay,2016,5108.910344,5775.159634,384.4470215,129.9298634,4.086822806,47.9,-1.179385367,-1.771939127,4.086822806,30.61103294
Paraguay,2017,5494.819962,6152.267115,405.5336609,134.6105574,3.602477413,48.5,7.553658051,6.529819179,3.602477413,-11.85139203
Paraguay,2018,5583.799914,6258.449916,421.0862732,139.9621484,3.975610157,46,1.619342449,1.725913375,3.975610157,10.3576706
Paraguay,2019,5194.127248,5821.181995,415.888794,143.821041,2.757097276,45.7,-6.978628735,-6.98684062,2.757097276,-30.64970743
Paraguay,2020,4747.872284,5365.472207,410.887146,146.3631008,1.767515924,43.5,-8.591529309,-7.82847519,1.767515924,-35.892145
Paraguay,2021,5263.788268,5976.931798,478.7082825,153.3709413,4.787983101,42.9,10.86625658,11.39619342,4.787983101,170.8876926
Peru,2009,3487.55411,4181.187555,208.3919373,98.49468544,2.936231536,47,,,,
Peru,2010,4166.571933,5072.11494,240.2576141,100,1.528320597,45.5,19.469743,21.3079986,1.528320597,-47.94958849
Peru,2011,4760.848084,5861.357936,262.9674072,103.369311,3.369310953,44.7,14.26295193,15.560432,3.369310953,120.4583881
Peru,2012,5409.398819,6519.37853,307.3185425,107.1021969,3.611212949,44.4,13.62258831,11.22641887,3.611212949,7.179568743
Peru,2013,5710.545549,6746.800257,320.3164978,110.066675,2.767896661,43.9,5.567101637,3.488395805,2.767896661,-23.35271557
Peru,2014,5707.094674,6667.134104,331.7809143,113.8220903,3.411945798,43.1,-0.06042987191,-1.18079905,3.411945798,23.26853984
Peru,2015,5394.27959,6231.711503,310.266449,117.6898696,3.398091947,43.4,-5.481161643,-6.530881087,3.398091947,-0.4060395865
Peru,2016,5262.984077,6217.036,311.4351807,121.8763062,3.557176636,43.6,-2.433976775,-0.2354971572,3.557176636,4.681588684
Peru,2017,5605.941852,6736.166937,333.1157532,125.5263802,2.994900458,43.3,6.516412917,8.350135616,2.994900458,-15.80681071
Peru,2018,5758.865069,6978.491215,363.4248352,127.4207669,1.50915423,42.4,2.727877332,3.597361533,1.50915423,-49.60920233
Peru,2019,6033.402536,7037.008037,366.5649109,130.2904379,2.252121914,41.5,4.767214794,0.8385311328,2.252121914,49.23073258
Peru,2020,5281.024845,6133.325524,388.4873047,132.8993893,2.002412058,43.7,-12.47020544,-12.84185705,2.002412058,-11.08775926
Peru,2021,5142.144386,6826.972007,412.2085571,138.5764045,4.271663815,40.1,-2.629801276,11.30946792,4.271663815,113.3259136
Philippines,2009,1864.367935,1864.450434,79,96.34854772,4.219030521,46.3,,,,
Philippines,2012,2621.081667,2614.616444,112,107.8882057,3.026963911,46.5,40.58821857,40.23523481,11.97699218,-28.25451495
Philippines,2015,2957.761199,2909.85818,116,115.4295041,0.6741925368,44.6,12.84506073,11.29197121,6.989919187,-77.72710357
Philippines,2018,3200.757588,3168.510366,126,126.5937898,5.309346616,42.3,8.2155513,8.888824469,9.671951538,687.5119237
Philippines,2021,3196.290905,3484.385939,203,137.9363739,3.927180221,40.7,-0.1395507901,9.969213803,8.959826638,-26.03270224
Poland,2009,9791.852122,11556.30269,760,97.4842306,3.795392425,33.4,,,,
Poland,2010,10519.15177,12567.73177,809,100,2.580693703,33.2,7.427600423,8.752185785,2.580693703,-32.00456202
Poland,2011,11566.23716,13867.66694,866,104.2394015,4.239401496,33.2,9.954085754,10.34343505,4.239401496,64.27371804
Poland,2012,11004.72519,13087.42094,815,107.9507115,3.560371517,33,-4.854750631,-5.626368161,3.560371517,-16.01711892
Poland,2013,11445.9394,13621.90238,878,109.0215637,0.9919826063,33.1,4.009316034,4.083932491,0.9919826063,-72.13822767
Poland,2014,11957.20904,14262.28419,911,109.0802406,0.05382131324,32.8,4.466821137,4.701118788,0.05382131324,-94.57436926
Poland,2015,10613.08062,12637.52203,804,108.126742,-0.8741258741,31.8,-11.24115511,-11.39201924,-0.8741258741,-1724.125874
Poland,2016,10405.66126,12464.01105,816,107.4079507,-0.6647673314,31.2,-1.954374704,-1.372982624,-0.6647673314,-23.95061728
Poland,2017,11609.61813,13913.34029,910,109.6376705,2.075935537,29.7,11.57021009,11.62811261,2.075935537,-412.2800172
Poland,2018,13050.24223,15658.21203,979,111.6253484,1.812951565,30.2,12.40888445,12.54099809,1.812951565,-12.66821472
Poland,2019,13241.2566,15874.52205,1014,114.1117794,2.227478809,28.8,1.463684497,1.381447773,2.227478809,22.86477211
Poland,2020,13333.54328,15987.57537,1026,117.9624468,3.374469726,28.5,0.6969631761,0.7121682902,3.374469726,51.49278691
Poland,2021,15410.7923,18635.51049,1159,123.9254804,5.055027047,28.5,15.57912232,16.56245593,5.055027047,49.80211581
Portugal,2009,18430.25803,23151.21541,2347,98.61682711,-0.8355300215,34.9,,,,
Portugal,2010,17942.0894,22551.9351,2259,100,1.402572899,35.8,-2.648734643,-2.58854796,1.402572899,-267.8662481
Portugal,2011,18736.50805,23246.54254,2256,103.653011,3.653011004,36.3,4.427681964,3.080034772,3.653011004,160.4507051
Portugal,2012,16374.40144,20593.42742,1980,106.5276599,2.773338541,36,-12.60697353,-11.41294502,2.773338541,-24.08075045
Portugal,2013,17588.49093,21676.48596,2031,106.8199896,0.2744166667,36.2,7.414557951,5.259243737,0.2744166667,-90.10518685
Portugal,2014,17781.06752,22120.68501,2060,106.5228662,-0.2781533675,35.6,1.094901191,2.049220751,-0.2781533675,-201.3616887
Portugal,2015,15410.87801,19215.7813,1791,107.0426324,0.4879386239,35.5,-13.32984933,-13.13206942,0.4879386239,-275.4207142
Portugal,2016,16058.31957,19980.28089,1875,107.6928062,0.6073970746,35.2,4.20119836,3.978498575,0.6073970746,24.48226988
Portugal,2017,17263.45703,21442.38428,1998,109.1667051,1.368614116,33.8,7.504754517,7.31773191,1.368614116,125.3244498
Portugal,2018,18831.44531,23541.14011,2216,110.2515118,0.9937156835,33.5,9.082701529,9.78788461,0.9937156835,-27.39255927
Portugal,2019,18587.77708,23343.3629,2222,110.6243586,0.33817841,32.8,-1.293943307,-0.8401343759,0.33817841,-65.96829298
Portugal,2020,17471.06556,22299.40441,2346,110.6105988,-0.01243832996,34.7,-6.007773335,-4.4721855,-0.01243832996,-103.6780379
Portugal,2021,19318.46756,24711.45101,2747,112.0105498,1.265657191,34.6,10.57406594,10.81664136,1.265657191,-10275.45921
Romania,2009,6961.115023,8548.454341,449,94.25833222,5.587420043,35.6,,,,
Romania,2010,6749.996829,8399.537423,472,100,6.091416686,35.5,-3.03282152,-1.742033256,6.091416686,9.020203234
Romania,2011,7534.116193,9560.675528,427,105.7892533,5.789253288,35.9,11.61658863,13.82383393,5.789253288,-4.960478218
Romania,2012,7016.996323,8929.953662,402,109.3172431,3.334922677,36.5,-6.863709783,-6.597042893,3.334922677,-42.39459718
Romania,2013,7498.974513,9497.674116,495,113.6732208,3.984712355,36.9,6.868725126,6.35748488,3.984712355,19.48440013
Romania,2014,8035.845581,10031.77108,503,114.887603,1.068309877,36,7.159259807,5.623450045,1.068309877,-73.18978683
Romania,2015,7210.654432,8977.017482,442,114.2049909,-0.5941564375,35.9,-10.26887762,-10.51413141,-0.5941564375,-155.6164883
Romania,2016,7538.865946,9404.540059,476,112.440756,-1.544796668,34.4,4.551757638,4.762412215,-1.544796668,159.9983053
Romania,2017,8658.807084,10727.9822,555,113.9463616,1.339021211,36,14.85556509,14.07237498,1.339021211,-186.6794471
Romania,2018,10026.95213,12502.26241,687,119.2169328,4.625484431,35.8,15.80061812,16.53880639,4.625484431,245.4377267
Romania,2019,10527.76751,12992.03261,739,123.7803833,3.827854326,34.8,4.994692138,3.917452605,3.827854326,-17.24425014
Romania,2020,10801.98354,13082.30066,810,127.0371357,2.631073112,34.6,2.604693023,0.6947954042,2.631073112,-31.26506686
Romania,2021,12194.36363,14986.78549,963,133.4554695,5.052328761,33.9,12.89004082,14.55772104,5.052328761,92.02540356
Russian Federation,2014,11003.34375,14055.47266,740,131.1552728,7.823411839,36.9,,,,
Russian Federation,2015,7375.267578,9277.713867,499,151.5294641,15.53440505,36.5,-32.97248777,-33.99216025,15.53440505,98.56304862
Russian Federation,2016,6884.127441,8663.158203,465,162.2008473,7.04244763,36.7,-6.659285667,-6.623998895,7.04244763,-54.66548216
Russian Federation,2017,8400.762695,10658.91309,580,168.1752389,3.683329444,35.5,22.03090031,23.03726696,3.683329444,-47.69816351
Russian Federation,2018,8667.761719,11211.8877,609,173.0158221,2.878297236,35.3,3.178271225,5.187908044,2.878297236,-21.85610111
Russian Federation,2019,8831.005859,11447.70117,654,180.7502637,4.470366608,35.7,1.883348273,2.103245082,4.470366608,55.31288954
Russian Federation,2020,8080.555664,10108.32715,771,186.8626219,3.381659372,33.7,-8.49790168,-11.69993873,3.381659372,-24.35386917
Russian Federation,2021,8992.818359,12521.52246,936,199.3720633,6.69445892,35.1,11.2896035,23.87334004,6.69445892,97.96372675
Serbia,2012,4877.804023,6263.040861,559.9053955,119.2841978,7.330385896,39.9,,,,
Serbia,2013,5533.803991,7040.418121,627.53302,128.4622384,7.694263629,39.4,13.44867414,12.41213777,7.694263629,4.963964219
Serbia,2014,5425.80988,6886.678091,608.8585815,131.1373976,2.082447939,40.4,-1.951534811,-2.183677551,2.082447939,-72.93505865
Serbia,2015,4584.557262,5820.321558,491.25177,132.9633,1.39235822,40.5,-15.50464607,-15.4843383,1.39235822,-33.13838997
Serbia,2016,4679.413515,5982.370301,486.4294434,134.4555657,1.122313974,38.8,2.069038466,2.784188845,1.122313974,-19.39473922
Serbia,2017,5026.221826,6548.036538,515.8458862,138.6654534,3.131062486,36.1,7.411362772,9.45555371,3.131062486,178.9827587
Serbia,2018,5868.807072,7559.861657,617.086792,141.3830755,1.959840763,35,16.76378947,15.45234382,1.959840763,-37.40652664
Serbia,2019,5940.804379,7755.632986,641.0296631,143.9975736,1.849229845,34.5,1.226779247,2.589615232,1.849229845,-5.643872702
Serbia,2020,6351.269736,8098.709557,670.194397,146.2663027,1.575532901,35,6.90925556,4.423579234,1.575532901,-14.80059091
Serbia,2021,7431.640563,9680.527981,919.1679077,152.2414316,4.085102853,33.1,17.01031246,19.5317342,4.085102853,159.2838811
Slovak Republic,2009,13282.12921,16586.75278,1320,99.05205388,1.615104641,27.2,,,,
Slovak Republic,2010,13479.6171,16899.44868,1297,100,0.957018133,27.3,1.48686922,1.88521469,0.957018133,-40.74575053
Slovak Republic,2011,14577.73243,18469.43543,1352,103.919286,3.919285991,26.5,8.146487566,9.290165501,3.919285991,309.5310064
Slovak Republic,2012,14119.20977,17516.96911,1319,107.6667221,3.606102635,26.1,-3.145363398,-5.156986686,3.606102635,-7.990826822
Slovak Republic,2013,14882.05856,18312.78051,1370,109.1745662,1.40047369,28.1,5.402914204,4.543088503,1.40047369,-61.1637873
Slovak Republic,2014,15227.83661,18770.92899,1289,109.091413,-0.07616532954,26.1,2.323455769,2.501796351,-0.07616532954,-105.4385406
Slovak Republic,2015,13194.8271,16442.07609,1109,108.7366262,-0.3252197774,26.5,-13.35061286,-12.4067003,-0.3252197774,326.9918864
Slovak Republic,2016,13276.4374,16636.07691,1176,108.1711847,-0.5200101963,25.2,0.6185022831,1.179904693,-0.5200101963,59.8950102
Slovak Republic,2017,14248.59161,17645.52987,1189,109.5903321,1.311945882,23.2,7.32240264,6.067854601,1.311945882,-352.292338
Slovak Republic,2018,15891.48396,19573.3717,1300,112.3454737,2.514037129,25,11.53020871,10.92538363,2.514037129,91.62658787
Slovak Republic,2019,15653.30822,19406.05897,1342,115.3389877,2.664561334,23.2,-1.498763318,-0.8547977186,2.664561334,5.987350135
Slovak Republic,2020,15875.11563,19735.48583,1394,117.5730362,1.936941267,24.2,1.417000184,1.697546422,1.936941267,-27.30731164
Slovak Republic,2021,17386.33938,22138.19498,1685,121.276124,3.149606299,24.1,9.519450345,12.174563,3.149606299,62.60721752
Slovenia,2009,19537.19566,24501.78973,2125,98.23069792,0.8392622468,24.8,,,,
Slovenia,2010,18501.49636,23329.84177,2017,100,1.801170221,24.9,-5.301166671,-4.783111654,1.801170221,114.6135166
Slovenia,2011,19709.88523,24940.62848,2148,101.8028517,1.802851719,24.9,6.531303469,6.9044048,1.802851719,0.09335586542
Slovenia,2012,17479.58302,22442.14179,1975,104.4470931,2.59741386,25.6,-11.31565297,-10.01773752,2.59741386,44.07251758
Slovenia,2013,18184.30807,23236.96553,2055,106.294972,1.769200859,26.2,4.031704022,3.54165727,1.769200859,-31.88606229
Slovenia,2014,18948.93669,24013.06821,2062,106.5068644,0.1993438266,25.7,4.2048816,3.339948466,0.1993438266,-88.73254975
Slovenia,2015,15900.32756,20697.27485,1776,105.9471152,-0.5255522858,25.4,-16.08854988,-13.80828691,-0.5255522858,-363.6411144
Slovenia,2016,16741.11205,21447.83778,1835,105.8888447,-0.05499954167,24.8,5.2878438,3.62638527,-0.05499954167,-89.53490582
Slovenia,2017,18495.23635,23303.07771,1925,107.4021101,1.429107433,24.2,10.47794375,8.650009131,1.429107433,-2698.398804
Slovenia,2018,20777.20677,25888.04811,2170,109.2694124,1.73860862,24.6,12.33815227,11.09282831,1.73860862,21.65695731
Slovenia,2019,20799.55978,25814.16872,2219,111.0510749,1.630522608,24.4,0.1075842869,-0.2853803018,1.630522608,-6.216811024
Slovenia,2020,20345.77611,25392.06511,2417,110.9901558,-0.05485681576,24,-2.181698458,-1.635162503,-0.05485681576,-103.3643701
Slovenia,2021,23493.4749,29187.36938,2775,113.1179093,1.917065061,24.3,15.47101852,14.94681215,1.917065061,-3594.670688
Spain,2009,26838.52604,32279.82085,2937.718262,98.23195779,-0.2878130835,34.9,,,,
Spain,2010,25486.32101,30658.74223,2789.637207,100,1.799864577,35.2,-5.038298402,-5.02195668,1.799864577,-725.3588458
Spain,2011,26212.69589,31824.62191,2908.919678,103.1961019,3.196101888,35.7,2.850057808,3.802764238,3.196101888,77.57457581
Spain,2012,23566.20509,28456.44382,2590.225342,105.7204104,2.446127824,35.4,-10.09621755,-10.58356045,2.446127824,-23.46527398
Spain,2013,24246.78077,29218.91052,2629.466797,107.2095682,1.408581092,36.2,2.887930726,2.679416679,1.408581092,-42.41588366
Spain,2014,24700.2901,29694.88749,2679.476563,107.0475586,-0.1511148375,36.1,1.870389898,1.629003146,-0.1511148375,-110.7281603
Spain,2015,21716.48797,25969.83831,2349.09375,106.5119293,-0.5003657099,36.2,-12.08002868,-12.54441249,-0.5003657099,231.1162015
Spain,2016,22489.73344,26740.68518,2376.601074,106.2961383,-0.2025980004,35.8,3.560637754,2.968238996,-0.2025980004,-59.51001509
Spain,2017,23874.662,28367.93926,2524.684814,108.3753719,1.956076334,34.7,6.158047901,6.085311831,1.956076334,-1065.496367
Spain,2018,25791.53557,30592.12648,2741.382568,110.1906392,1.674981369,34.7,8.02890346,7.840496266,1.674981369,-14.37034742
Spain,2019,25125.87172,29776.20115,2716.833496,110.9614436,0.6995189945,34.3,-2.580939171,-2.667108905,0.6995189945,-58.23720744
Spain,2020,22321.68394,27230.35999,2899.018799,110.6033122,-0.3227530173,34.9,-11.16055918,-8.549919259,-0.3227530173,-146.1392785
Spain,2021,25118.45314,30817.68286,3234.292969,114.0244221,3.09313512,33.9,12.52938268,13.17398251,3.09313512,-1058.359784
Sweden,2009,39718.7948,46707.86732,4136,98.85526783,-0.4944605444,27.3,,,,
Sweden,2010,45188.85553,52542.82741,4416,100,1.157988027,27.7,13.77197058,12.49245668,1.157988027,-334.1922
Sweden,2011,51652.81811,60379.77482,6351,102.9611507,2.961150738,27.6,14.30432903,14.91535151,2.961150738,155.7151429
Sweden,2012,49429.39237,57749.82513,6254,103.8758344,0.8883775069,27.6,-4.304558436,-4.355679847,0.8883775069,-69.9989097
Sweden,2013,52089.63528,60844.27671,6697,103.8298247,-0.04429297015,28.8,5.381904932,5.358373937,-0.04429297015,-104.9858275
Sweden,2014,51104.43077,59583.714,6606,103.6433064,-0.1796384941,28.4,-1.891363811,-2.071785186,-0.1796384941,305.5688601
Sweden,2015,43373.54543,51197.95293,5599,103.5948172,-0.04678474498,29.2,-15.12762245,-14.07391467,-0.04678474498,-73.95616946
Sweden,2016,43610.1867,51820.39725,5681,104.6144691,0.9842692446,29.6,0.5455889508,1.215760159,0.9842692446,-2203.825178
Sweden,2017,45639.94056,53300.85873,5838,106.4917747,1.794499047,28.8,4.65431134,2.856908782,1.794499047,82.31790301
Sweden,2018,46269.20867,54181.90698,6005,108.5721291,1.953535301,30,1.378766267,1.652971961,1.953535301,8.862431825
Sweden,2019,44558.12293,51773.04646,5653,110.5092198,1.784150974,29.3,-3.698108919,-4.445876228,1.784150974,-8.670656073
Sweden,2020,45322.00707,52653.75659,6003,111.0588566,0.4973673189,28.9,1.714354388,1.701097768,0.4973673189,-72.12302512
Sweden,2021,51830.62661,61174.96802,6901,113.4612788,2.163197364,29.8,14.36083697,16.18348239,2.163197364,334.9295345
Switzerland,2009,55813.21022,71568.31239,7297.379883,99.31646564,-0.4804819364,32.9,,,,
Switzerland,2010,63191.04315,76531.37294,7640.449219,100,0.6882387072,32.6,13.21879337,6.934717875,0.6882387072,-243.2392469
Switzerland,2011,70650.7603,90476.75897,9138.367188,100.2313492,0.2313492077,31.7,11.80502295,18.22178995,0.2313492077,-66.38532456
Switzerland,2012,68518.98936,85836.20768,8753.820313,99.53719498,-0.6925520181,31.6,-3.017336155,-5.128998144,-0.6925520181,-399.3535293
Switzerland,2013,69446.63099,87304.33058,9118.189453,99.3208776,-0.2173231551,32.5,1.353846036,1.710377176,-0.2173231551,-68.61995209
Switzerland,2014,68999.91811,88724.99094,9307.96875,99.30776473,-0.01320253875,32.5,-0.6432462824,1.627250733,-0.01320253875,-93.92492772
Switzerland,2015,66347.41616,83806.4476,9082.450195,98.17177459,-1.143908672,32.3,-3.844210294,-5.543582803,-1.143908672,8564.308387
Switzerland,2016,63668.84894,82153.07454,9078.758789,97.74510174,-0.4346186643,33,-4.03718392,-1.972847082,-0.4346186643,-62.00582487
Switzerland,2017,63071.25022,82254.37693,9119.969727,98.2668532,0.5337878398,32.7,-0.9386045647,0.1233093013,0.5337878398,-222.8175142
Switzerland,2018,63208.82709,85217.36915,9212.432617,99.1869606,0.9363354641,33.1,0.2181292843,3.602230465,0.9363354641,75.41341227
Switzerland,2019,62588.33618,84121.93103,9341.0625,99.54689637,0.3628861799,34,-0.9816522979,-1.285463435,0.3628861799,-61.2439992
Switzerland,2020,62971.41617,85897.78433,10085.45605,98.82431041,-0.7258749333,33.7,0.6120629086,2.111046765,-0.7258749333,-300.028266
Thailand,2009,3291.450426,4135.43987,150.3565521,96.85456244,-0.8457160923,39.6,,,,
Thailand,2010,3939.985541,4973.862888,169.3820038,100,3.247588424,39.4,19.703627,20.27409526,3.247588424,-484.0045677
Thailand,2011,4297.934477,5373.623283,192.5660706,103.8087906,3.808790581,37.5,9.085031736,8.037221854,3.808790581,17.28058127
Thailand,2012,4432.884851,5725.528028,202.520874,106.9385213,3.014899503,39.3,3.139889031,6.548742376,3.014899503,-20.84365263
Thailand,2013,4545.1396,6018.082447,208.6084442,109.2750063,2.184886185,37.8,2.532318179,5.109649581,2.184886185,-27.53038093
Thailand,2014,4414.577523,5801.197892,214.5243378,111.3459226,1.895141819,37,-2.87256472,-3.603881429,1.895141819,-13.2613025
Thailand,2015,4349.372479,5688.853354,219.9191132,110.3433361,-0.9004249633,36,-1.477039285,-1.93657482,-0.9004249633,-147.5122734
Thailand,2016,4506.620698,5833.577156,230.6077423,110.5509468,0.1881497044,36.9,3.615423157,2.543988976,0.1881497044,-120.8956562
Thailand,2017,4972.562722,6413.091825,247.9945374,111.2868092,0.6656318931,36.4,10.33905568,9.934121957,0.6656318931,253.7778043
Thailand,2018,5459.504922,7099.776501,275.6711121,112.4707868,1.063897542,36.4,9.792580351,10.70754473,1.063897542,59.83271727
Thailand,2019,5929.27341,7605.696578,289.1782837,113.26565,0.7067286013,34.9,8.604598672,7.125859203,0.7067286013,-33.57174225
Thailand,2020,5441.477226,6985.643939,305.0879211,112.3074938,-0.8459371474,35,-8.226913323,-8.152476669,-0.8459371474,-219.6975962
Thailand,2021,5393.014574,7058.0695,364.3696899,113.68932,1.230395413,34.9,-0.890615733,1.036777162,1.230395413,-245.4476159
Ukraine,2009,2021.95105,2607.087646,169,91.43030093,15.88119246,25.3,,,,
Ukraine,2010,2436.327393,3039.632324,203,100,9.372931051,24.8,20.49388598,16.59110611,9.372931051,-40.98093657
Ukraine,2011,2911.00708,3656.697998,244,107.9557247,7.955724663,24.6,19.48341134,20.30066824,7.955724663,-15.12020499
Ukraine,2012,3354.851318,3951.342285,276,108.5696991,0.5687279718,24.7,15.24710267,8.057659869,0.5687279718,-92.85133667
Ukraine,2013,3474.398926,4129.896973,281,108.3102733,-0.238948626,24.6,3.563424906,4.518836249,-0.238948626,-142.0145725
Ukraine,2014,2608.805908,3054.908203,213,121.3853338,12.07185629,24,-24.91346089,-26.0294331,12.07185629,-5152.071856
Ukraine,2015,1908.153442,2094.473877,158,180.499827,48.69986464,25.5,-26.85720941,-31.43905683,48.69986464,303.4165375
Ukraine,2016,1884.498535,2158.461182,157,205.6122449,13.9127102,25,-1.239675317,3.055053844,13.9127102,-71.43172717
Ukraine,2017,2310.200928,2604.287598,187,235.2992044,14.43832275,26,22.58969082,20.65482668,14.43832275,3.777930695
Ukraine,2018,2690.029785,3059.051758,221,261.0688343,10.95185594,26.1,16.44137758,17.46213285,10.95185594,-24.1473118
Ukraine,2019,3197.591553,3619.861572,247,281.6585956,7.886717456,26.6,18.86825828,18.33279914,7.886717456,-27.9873886
Ukraine,2020,3279.912598,3709.769287,270,289.3548945,2.732492094,25.6,2.574470303,2.483733509,2.732492094,-65.35323968
United Kingdom,2009,32299.43394,38744.13169,3914.195801,97.56796745,1.961731736,35.1,,,,
United Kingdom,2010,33571.19931,39598.95712,3956.388916,100,2.492654725,33.7,3.937423096,2.206335228,2.492654725,27.06399552
United Kingdom,2011,35752.9582,42109.64188,4199.083984,103.8561124,3.856112447,33.2,6.498900633,6.340280004,3.856112447,54.69902063
United Kingdom,2012,35519.33019,42497.3405,4242.234863,106.5285741,2.573234797,33.1,-0.6534508313,0.9206884707,2.573234797,-33.26867844
United Kingdom,2013,36085.94595,43426.29814,4304.478027,108.9698539,2.291666667,32.7,1.595232109,2.185919477,2.291666667,-10.9421857
United Kingdom,2014,39539.1165,47439.61659,4697.760254,110.5511374,1.451120163,33.1,9.569294779,9.241677557,1.451120163,-36.67839289
United Kingdom,2015,37441.02842,44964.39114,4433.858398,110.9580174,0.3680468423,33.3,-5.306360546,-5.217633749,0.3680468423,-74.63705269
United Kingdom,2016,34104.35681,40985.23514,4017.342285,112.0769373,1.008417368,33.1,-8.911805431,-8.849571637,1.008417368,173.9915826
United Kingdom,2017,34065.89103,40572.12148,3910.814209,114.9435916,2.557755776,32.6,-0.1127884868,-1.007957267,2.557755776,153.6405913
United Kingdom,2018,36072.66321,43203.81411,4226.205078,117.5790642,2.292839903,33.7,5.890854816,6.486455544,2.292839903,-10.35735603
United States,2009,39149.31115,47194.95009,7602.745605,98.38641997,-0.3555462663,40.6,,,,
United States,2010,41128.27455,48650.66432,7833.044922,100,1.640043442,40,5.054912437,3.084470331,1.640043442,-561.2742694
United States,2011,42673.67929,50065.97895,8021.593262,103.1568416,3.156841569,40.9,3.757523896,2.909137304,3.156841569,92.48524076
United States,2012,44760.64515,51784.41147,8274.37207,105.2915045,2.069337265,40.9,4.890522443,3.432335806,2.069337265,-34.44912517
United States,2013,45715.10837,53409.75078,8433.698242,106.8338489,1.464832656,40.6,2.132371453,3.138665212,1.464832656,-29.21247395
United States,2014,47633.25178,55304.31553,8828.476563,108.5669321,1.622222977,41.5,4.195863206,3.547226352,1.622222977,10.74459401
United States,2015,49077.96634,57040.20821,9248.93457,108.695722,0.1186271356,41.2,3.032995871,3.138801494,0.1186271356,-92.68737176
United States,2016,49564.35198,58206.61419,9599.890625,110.0670089,1.261583206,41.1,0.9910468371,2.044883804,1.261583206,963.4861913
United States,2017,51472.05801,60322.26142,9902.818359,112.4115573,2.130110004,41.2,3.848947801,3.634719628,2.130110004,68.84419466
United States,2018,53858.12998,63201.04585,10280.52637,115.1573032,2.442583297,41.4,4.635664601,4.77234168,2.442583297,14.66935007
United States,2019,55620.4039,65604.68152,10658.39746,117.2441955,1.812210075,41.5,3.272066656,3.803158064,1.812210075,-25.80764482
United States,2020,53872.1531,64411.37318,11758.4248,118.6905016,1.233584396,39.7,-3.143182498,-1.818937787,1.233584396,-31.92928275
United States,2021,59006.35854,71318.30736,12012.24121,124.2664138,4.697858864,39.7,9.530351303,10.72315934,4.697858864,280.8299519
Uruguay,2009,8967.094027,9881.395731,817.642273,93.72184636,7.062218744,45.5,,,,
Uruguay,2010,11308.97784,12641.05768,1032.657959,100,6.69870887,44.5,26.11641855,27.92785583,6.69870887,-5.147247449
Uruguay,2011,13377.31684,15132.26757,1232.046265,108.0928321,8.092832063,42.2,18.28935415,19.70728993,8.092832063,20.81181942
Uruguay,2012,13468.91506,16259.59408,1332.751221,116.8459365,8.097765806,39.9,0.684727888,7.449818763,8.097765806,0.06096435299
Uruguay,2013,15370.21844,18335.25948,1500.727173,126.8656333,8.57513504,40.5,14.11623259,12.76578853,8.57513504,5.895073354
Uruguay,2014,15010.86559,18322.42768,1480.019897,138.1279438,8.877353332,40.1,-2.337981433,-0.06998428646,8.877353332,3.524356069
Uruguay,2015,14193.59504,17125.90168,1410.321533,150.0984842,8.666269871,40.1,-5.444526431,-6.530390065,8.666269871,-2.377774699
Uruguay,2016,15101.85091,17009.75869,1454.547119,164.5670977,9.639413476,39.7,6.399054411,-0.6781715074,9.639413476,11.22909418
Uruguay,2017,16722.18288,19184.66267,1655.832397,174.8000343,6.218093826,39.5,10.7293601,12.78621297,6.218093826,-35.49302724
Uruguay,2018,16601.63337,19249.94015,1697.014526,188.0962576,7.606533604,39.7,-0.720895727,0.3402587183,7.606533604,22.32902586
Uruguay,2019,15913.77644,18315.73529,1677.0979,202.9219834,7.881988709,39.7,-4.143308769,-4.853027387,7.881988709,3.621296104
Uruguay,2020,13782.90335,15789.68574,1427.140259,222.7198767,9.756406361,40.2,-13.39011582,-13.79169061,9.756406361,23.78102432
Uruguay,2021,14718.58787,17888.21151,1620.326416,239.9760212,7.747914023,40.8,6.788733135,13.2904847,7.747914023,-20.58639486
Viet Nam,2010,1318.759792,1683.161824,85.4039917,100,9.207466488,39.3,,,,
Viet Nam,2012,1725.808355,2185.117677,109.5506668,129.47112,9.094703396,35.6,30.86601252,29.82219801,29.47112002,-1.224691856
Viet Nam,2014,2051.713748,2546.384645,120.0268784,143.6436899,4.084554466,34.8,18.88421689,16.53306693,10.94651062,-55.08864568
Viet Nam,2016,2203.400769,2735.060438,134.4454804,148.4073328,2.66824817,35.3,7.393186379,7.409555891,3.316291081,-34.6746826
Viet Nam,2018,2612.747342,3222.310031,164.236496,159.0696412,3.539628059,35.7,18.57794455,17.81494794,7.184488948,32.65737796
Viet Nam,2020,2898.327793,3534.039535,154.2351074,168.7837215,3.220934367,36.8,10.93027427,9.674100274,6.106809687,-9.003592681